row_id,source_id,grading_date,grading_year,group_id,group_level,country,region,altitude_m,variety,processing_method,processing_group,color,harvest_year_raw,harvest_year_start,moisture_pct,moisture_suspect,category_one_defects,category_two_defects,quakers,n_bags,bag_weight_kg,cert_body,total_cup_points
0,1165,2010-04-09,2010,594,farm,Thailand,,,peaberry,,,,,,,0,1,0,0.0,5.0,0.45359237,Specialty Coffee Association,79.67
1,1192,2010-04-09,2010,234,region,Mexico,pluma hidalogo oaxaca,1200.0,typica,,,,08/09 crop,2008.0,1.0,1,0,8,0.0,250.0,,Specialty Coffee Association,79.17
2,1262,2010-04-09,2010,234,region,Mexico,pluma hidalogo oaxaca,1200.0,typica,,,,08/09 crop,2008.0,,0,0,0,0.0,250.0,,Specialty Coffee Association,76.75
3,1030,2010-04-13,2010,594,farm,Thailand,,,peaberry,,,,,,,0,0,0,0.0,3.0,0.45359237,Specialty Coffee Association,80.92
4,395,2010-04-13,2010,594,farm,Thailand,,,peaberry,,,,,,11.0,0,0,0,0.0,4.0,0.45359237,Specialty Coffee Association,83.42
5,533,2010-04-13,2010,594,farm,Thailand,,,,,,,,,,0,0,0,0.0,1.0,0.45359237,Specialty Coffee Association,83.0
6,559,2010-04-13,2010,594,farm,Thailand,,,,,,,,,,0,0,0,0.0,2.0,0.45359237,Specialty Coffee Association,82.92
7,191,2010-04-30,2010,278,farm,Guatemala,nuevo oriente,1387.0,,,,,December 2009-March 2010,2009.0,4.0,1,1,1,0.0,250.0,,Specialty Coffee Association,84.33
8,96,2010-05-17,2010,292,farm,United States (Hawaii),kona,,,,,,,,,0,0,0,0.0,27.0,,Specialty Coffee Association,85.08
9,31,2010-05-18,2010,437,mill,Nicaragua,,,,,,,,,8.0,0,0,2,0.0,275.0,,Specialty Coffee Association,86.58
10,859,2010-05-24,2010,292,farm,United States (Hawaii),kona,,,,,,,,2.0,1,3,12,0.0,30.0,,Specialty Coffee Association,81.83
11,950,2010-05-24,2010,292,farm,United States (Hawaii),kona,,peaberry,,,,,,1.0,1,0,10,0.0,27.0,,Specialty Coffee Association,81.42
12,396,2010-05-26,2010,243,region,Mexico,nayarit,1050.0,,,,,January Through April,,9.0,0,2,4,0.0,6.0,,Specialty Coffee Association,83.38
13,125,2010-05-31,2010,60,farm,Nicaragua,jinotega,925.0,,,,,2009 - 2010,2009.0,18.0,0,0,2,0.0,2.0,,Specialty Coffee Association,84.75
14,14,2010-05-31,2010,200,farm,United States (Hawaii),kona,2000.0,,,,,Sept 2009 - April 2010,2009.0,,0,0,2,0.0,1.0,,Specialty Coffee Association,87.92
15,17,2010-05-31,2010,655,farm,Indonesia,sulawesi,1500.0,,,,,May-August,,3.0,1,0,0,0.0,1.0,,Specialty Coffee Association,87.42
16,3,2010-05-31,2010,349,farm,Guatemala,,1700.0,bourbon,,,,,,,0,0,0,0.0,5.0,,Specialty Coffee Association,89.75
17,52,2010-05-31,2010,427,farm,United States (Hawaii),kona,427.0,,,,,Fall 2009,2009.0,,0,0,0,0.0,1.0,,Specialty Coffee Association,86.0
18,532,2010-05-31,2010,394,farm,Nicaragua,matagalpa,,caturra,,,,2009-2010,2009.0,7.0,0,0,0,0.0,2.0,,Specialty Coffee Association,83.0
19,75,2010-05-31,2010,479,farm,El Salvador,apaneca,1400.0,,,,,2009 / 2010,2009.0,1.0,1,0,0,0.0,2.0,,Specialty Coffee Association,85.42
20,18,2010-06-16,2010,804,region,Ethiopia,yirgacheffe,,,,,,2009/2010,2009.0,5.0,0,0,2,0.0,150.0,,Ethiopia Commodity Exchange,87.33
21,27,2010-06-16,2010,177,region,Ethiopia,sidamo,,,,,,2009/2010,2009.0,5.0,0,0,2,0.0,150.0,,Ethiopia Commodity Exchange,86.92
22,478,2010-06-16,2010,123,farm,Ethiopia,limu,1850.0,,,,,August to December,,1.0,1,0,0,0.0,300.0,,Ethiopia Commodity Exchange,83.17
23,1094,2010-06-17,2010,179,region,Ethiopia,kelem welega,,,,,,2010,2010.0,10.0,0,0,1,0.0,360.0,,Ethiopia Commodity Exchange,80.33
24,1130,2010-06-17,2010,772,farm,Ethiopia,limu,,,,,,2010,2010.0,5.0,0,0,2,0.0,300.0,,Ethiopia Commodity Exchange,80.0
25,119,2010-06-17,2010,51,farm,Ethiopia,sidamo,1750.0,,,,,2009/2010,2009.0,10.0,0,0,2,0.0,300.0,,Ethiopia Commodity Exchange,84.83
26,120,2010-06-17,2010,51,farm,Ethiopia,sidamo,1750.0,,,,,2009/2010,2009.0,10.0,0,0,4,0.0,300.0,,Ethiopia Commodity Exchange,84.83
27,144,2010-06-17,2010,51,farm,Ethiopia,sidamo,1750.0,,,,,2009/2010,2009.0,20.0,0,0,3,0.0,300.0,,Ethiopia Commodity Exchange,84.67
28,179,2010-06-17,2010,434,farm,Ethiopia,limu,,,,,,2009/2010,2009.0,20.0,0,0,2,0.0,360.0,6.0,Ethiopia Commodity Exchange,84.42
29,295,2010-06-17,2010,772,farm,Ethiopia,sidamo,,,,,,2010,2010.0,10.0,0,0,3,0.0,300.0,,Ethiopia Commodity Exchange,83.83
30,39,2010-06-17,2010,772,farm,Ethiopia,yirgacheffe,,,,,,2009/2010,2009.0,10.0,0,0,2,0.0,300.0,,Ethiopia Commodity Exchange,86.25
31,51,2010-06-17,2010,51,farm,Ethiopia,sidamo,1750.0,,,,,2009/2010,2009.0,1.0,1,0,4,0.0,300.0,,Ethiopia Commodity Exchange,86.0
32,82,2010-06-17,2010,434,farm,Ethiopia,yirgacheffe,,,,,,2009/2010,2009.0,5.0,0,0,2,0.0,360.0,6.0,Ethiopia Commodity Exchange,85.33
33,83,2010-06-17,2010,804,region,Ethiopia,yirgacheffe,,typica,,,,2009/2010,2009.0,10.0,0,0,3,0.0,300.0,,Ethiopia Commodity Exchange,85.33
34,95,2010-06-17,2010,177,region,Ethiopia,sidamo,,,,,,2010,2010.0,,0,0,5,0.0,360.0,,Ethiopia Commodity Exchange,85.08
35,314,2010-06-29,2010,98,region,United States (Hawaii),kona,,,,,,,,,0,0,0,0.0,4.0,,Specialty Coffee Association,83.75
36,607,2010-06-29,2010,98,region,United States (Hawaii),kona,,,,,,,,,0,0,2,0.0,14.0,,Specialty Coffee Association,82.75
37,934,2010-06-29,2010,98,region,United States (Hawaii),kona,,,,,,,,,0,0,17,0.0,16.0,,Specialty Coffee Association,81.5
38,674,2010-07-23,2010,450,region,Guatemala,huehuetenango,1600.0,,,,,,,1.0,1,1,14,0.0,245.0,,Specialty Coffee Association,82.5
39,115,2010-08-26,2010,118,country,Kenya,,,,,,,2009-2010,2009.0,6.0,0,1,9,0.0,320.0,60.0,Specialty Coffee Association,84.92
40,15,2010-08-31,2010,261,farm,Ethiopia,oromiya,1635.0,,,,,Mar-10,2010.0,5.0,0,0,2,0.0,300.0,60.0,Ethiopia Commodity Exchange,87.83
41,8,2010-09-02,2010,261,farm,Ethiopia,oromia,1635.0,,,,,Mar-10,2010.0,3.0,1,0,0,0.0,300.0,60.0,Ethiopia Commodity Exchange,88.67
42,9,2010-09-02,2010,261,farm,Ethiopia,oromiya,1635.0,,,,,Mar-10,2010.0,3.0,1,0,0,0.0,300.0,60.0,Ethiopia Commodity Exchange,88.42
43,633,2010-09-03,2010,145,country,Colombia,,,,,,,2009-2010,2009.0,21.0,1,0,2,0.0,270.0,70.0,Almacafé,82.67
44,106,2010-09-07,2010,461,farm,Guatemala,chuva san marcos,1326.0,,,,,2009/2010,2009.0,4.0,1,0,1,0.0,275.0,69.0,Specialty Coffee Association,85.0
45,496,2010-11-11,2010,498,country,Guatemala,,,,,,,,,2.0,1,0,1,0.0,275.0,69.0,Specialty Coffee Association,83.08
46,375,2010-11-29,2010,33,farm,Indonesia,bondowoso,1600.0,,,,,23-Jul-10,2010.0,,0,0,0,0.0,10.0,60.0,Specialty Coffee Association of Indonesia,83.5
47,495,2010-11-29,2010,132,farm,Indonesia,dolok sanggul,1350.0,,,,,2010,2010.0,,0,0,0,0.0,10.0,60.0,Specialty Coffee Association of Indonesia,83.08
48,394,2010-12-27,2010,292,farm,United States (Hawaii),kona,,,,,,2010,2010.0,1.0,1,0,0,0.0,12.0,60.0,Specialty Coffee Association,83.42
49,94,2010-12-27,2010,98,region,United States (Hawaii),kona,,,,,,2010-2011,2010.0,1.0,1,1,7,0.0,13.0,45.359237,Specialty Coffee Association,85.08
50,42,2011-01-04,2011,683,farm,Brazil,sul de minas carmo de minas,1200.0,yellow bourbon,,,,2010,2010.0,8.0,0,0,2,0.0,300.0,60.0,Specialty Coffee Association,86.17
51,43,2011-01-04,2011,683,farm,Brazil,sul de minas carmo de minas,1200.0,yellow bourbon,,,,2010,2010.0,1.0,1,0,3,0.0,300.0,60.0,Specialty Coffee Association,86.17
52,1169,2011-01-13,2011,461,farm,Guatemala,chuva san marcos,1326.0,,,,,2009/2010,2009.0,17.0,0,1,19,0.0,223.0,69.0,Specialty Coffee Association,79.58
53,440,2011-01-17,2011,225,mill,Colombia,cundinamarca,1800.0,,,,,4T/2010,2010.0,4.0,1,0,1,0.0,250.0,70.0,Almacafé,83.25
54,1037,2011-01-25,2011,225,mill,Colombia,huila,1800.0,,,,,4T/2010,2010.0,1.0,1,0,1,0.0,250.0,70.0,Almacafé,80.83
55,38,2011-01-28,2011,292,farm,United States (Hawaii),kona,,,,,,2010,2010.0,,0,2,1,0.0,25.0,45.359237,Specialty Coffee Association,86.25
56,393,2011-02-01,2011,543,region,Colombia,huila,,,,,,,,10.0,0,1,3,0.0,250.0,70.0,Almacafé,83.42
57,531,2011-02-01,2011,105,mill,Colombia,huila,1800.0,,,,,4t/2011,2011.0,6.0,0,0,2,0.0,250.0,70.0,Almacafé,83.0
58,833,2011-02-01,2011,225,mill,Colombia,cundinamarca,1600.0,,,,,4T/2010,2010.0,9.0,0,0,1,0.0,250.0,70.0,Almacafé,81.92
59,1168,2011-02-09,2011,791,mill,Colombia,huila,1800.0,,,,,4T/10,2010.0,10.0,0,0,4,0.0,250.0,70.0,Almacafé,79.58
60,313,2011-02-09,2011,105,mill,Colombia,cundinamarca,1600.0,,,,,4T/10,2010.0,6.0,0,0,1,0.0,250.0,70.0,Almacafé,83.75
61,632,2011-02-09,2011,791,mill,Colombia,huila,1800.0,,,,,4T/10,2010.0,8.0,0,0,3,0.0,250.0,70.0,Almacafé,82.67
62,777,2011-02-09,2011,791,mill,Colombia,huila,1800.0,,,,,4T/10,2010.0,8.0,0,0,0,0.0,250.0,70.0,Almacafé,82.17
63,439,2011-02-22,2011,791,mill,Colombia,cauca,1880.0,,,,,4t/2010,2010.0,13.0,0,0,1,0.0,250.0,70.0,Almacafé,83.25
64,494,2011-02-22,2011,791,mill,Colombia,cauca,1880.0,,,,,47/2010,2010.0,8.0,0,1,3,0.0,250.0,70.0,Almacafé,83.08
65,949,2011-02-22,2011,791,mill,Colombia,cauca,1880.0,,,,,4T72010,2010.0,16.0,0,0,2,0.0,250.0,70.0,Almacafé,81.42
66,105,2011-02-24,2011,292,farm,United States (Hawaii),kona,,,,,,,,,0,0,1,0.0,15.0,45.359237,Specialty Coffee Association,85.0
67,416,2011-02-24,2011,350,country,United States (Hawaii),,,,,,,,,,0,0,0,0.0,25.0,45.359237,Specialty Coffee Association,83.33
68,1198,2011-03-01,2011,430,country,,,,,,,,,,10.0,0,0,3,0.0,149.0,70.0,Almacafé,79.08
69,756,2011-03-01,2011,91,region,Colombia,cauca,,,,,,,,22.0,1,0,2,0.0,149.0,70.0,Almacafé,82.25
70,374,2011-03-08,2011,350,country,United States (Hawaii),,,,,,,,,1.0,1,0,0,0.0,14.0,45.359237,Specialty Coffee Association,83.5
71,530,2011-03-09,2011,350,country,United States (Hawaii),,,,,,,,,,0,0,1,0.0,5.0,45.359237,Specialty Coffee Association,83.0
72,1060,2011-03-15,2011,145,country,Colombia,,,,,,,,,18.0,0,0,2,0.0,149.0,70.0,Almacafé,80.67
73,1068,2011-03-15,2011,145,country,Colombia,,,,,,,,,,0,0,2,0.0,149.0,70.0,Almacafé,80.58
74,171,2011-03-22,2011,187,region,Brazil,test,,,,,,TEST,,,0,2,0,0.0,320.0,60.0,NUCOFFEE,84.5
75,170,2011-03-23,2011,103,mill,Brazil,mmm,,,,,,mmm,,,0,0,4,0.0,27.0,60.0,NUCOFFEE,84.5
76,104,2011-04-06,2011,565,farm,Mexico,mexico,1400.0,pacamara,,,,2010-2011,2010.0,,0,0,0,0.0,1.0,1.0,Specialty Coffee Association,85.0
77,631,2011-04-06,2011,565,farm,Mexico,mexico,1400.0,blue mountain,,,,2010-2011,2010.0,,0,0,1,0.0,1.0,1.0,Specialty Coffee Association,82.67
78,794,2011-04-18,2011,91,region,Colombia,cauca,1600.0,,,,,Jan-11,2011.0,8.0,0,1,5,0.0,275.0,70.0,Almacafé,82.08
79,312,2011-04-20,2011,91,region,Colombia,cauca,1600.0,,,,,Jan-11,2011.0,10.0,0,0,1,0.0,275.0,70.0,Almacafé,83.75
80,335,2011-04-21,2011,350,country,United States (Hawaii),,,,,,,,,,0,0,0,0.0,3.0,45.359237,Specialty Coffee Association,83.67
81,529,2011-04-21,2011,350,country,United States (Hawaii),,,,,,,,,,0,0,0,0.0,23.0,45.359237,Specialty Coffee Association,83.0
82,1067,2011-05-04,2011,350,country,United States (Hawaii),,,,,,,,,,0,0,0,0.0,10.0,45.359237,Specialty Coffee Association,80.58
83,528,2011-05-12,2011,460,mill,Colombia,cauca,1450.0,,,,,Abril - Julio,,8.0,0,0,1,0.0,300.0,70.0,Almacafé,83.0
84,143,2011-06-14,2011,276,region,Peru,penachi cecanor,,,,,,,,,0,0,3,0.0,1.0,60.0,Specialty Coffee Association,84.67
85,190,2011-06-14,2011,436,region,Ethiopia,limu,1493.0,,,,,,,,0,0,1,0.0,1.0,59.874192840000006,Specialty Coffee Association,84.33
86,438,2011-06-14,2011,791,mill,Colombia,huila,1700.0,,,,,1T/2011,2011.0,8.0,0,0,0,0.0,250.0,70.0,Almacafé,83.25
87,858,2011-06-14,2011,788,mill,Colombia,huila,1700.0,,,,,1t/2011,2011.0,5.0,0,0,0,0.0,250.0,70.0,Almacafé,81.83
88,910,2011-06-14,2011,505,region,Costa Rica,tarrazu,1600.0,,,,,,,,0,0,1,0.0,1.0,60.0,Specialty Coffee Association,81.58
89,1221,2011-06-21,2011,766,farm,United States (Hawaii),kona,,,,,,,,,0,0,0,0.0,8.0,45.359237,Specialty Coffee Association,78.58
90,558,2011-07-19,2011,91,region,Colombia,cauca,1450.0,,,,,Abril - Julio /2011,2011.0,15.0,0,0,0,0.0,250.0,70.0,Almacafé,82.92
91,493,2011-07-29,2011,543,region,Colombia,huila,1775.0,caturra,,,,Mayo a Julio,,1.0,1,0,0,0.0,275.0,70.0,Almacafé,83.08
92,815,2011-07-29,2011,543,region,Colombia,huila,1775.0,caturra,,,,Mayo a Julio,,7.0,0,0,2,0.0,150.0,70.0,Almacafé,82.0
93,258,2011-08-16,2011,594,farm,Thailand,,,,,,,2011,2011.0,6.0,0,0,0,0.0,1.0,60.0,Specialty Coffee Association,84.0
94,294,2011-08-16,2011,594,farm,Thailand,,,,,,,2011,2011.0,1.0,1,0,0,0.0,1.0,60.0,Specialty Coffee Association,83.83
95,527,2011-08-16,2011,594,farm,Thailand,,,,,,,2011,2011.0,28.0,1,0,0,0.0,1.0,60.0,Specialty Coffee Association,83.0
96,909,2011-08-16,2011,594,farm,Thailand,,,,,,,2011,2011.0,20.0,0,0,0,0.0,1.0,60.0,Specialty Coffee Association,81.58
97,124,2011-08-23,2011,109,mill,El Salvador,santa ana,1200.0,,,,,2010-2011,2010.0,15.0,0,0,3,0.0,250.0,69.0,Specialty Coffee Association,84.75
98,1298,2011-08-23,2011,595,farm,Haiti,marmelade,1020.0,,,,,2010,2010.0,8.0,0,1,0,0.0,85.0,58.9670081,Specialty Coffee Association,72.33
99,477,2011-08-23,2011,109,mill,El Salvador,santa ana,1200.0,,,,,2010-2011,2010.0,14.0,0,0,3,0.0,250.0,69.0,Specialty Coffee Association,83.17
100,578,2011-08-23,2011,109,mill,El Salvador,santa ana,1200.0,,,,,2010-2011,2010.0,,0,1,3,0.0,250.0,69.0,Specialty Coffee Association,82.83
101,933,2011-09-07,2011,91,region,Colombia,cauca,1450.0,,,,,Abril - Julio,,6.0,0,1,0,0.0,250.0,70.0,Almacafé,81.5
102,293,2011-09-20,2011,610,farm,Thailand,doi chaang village chiang rai thialand,1500.0,,,,,2011,2011.0,2.0,1,0,2,0.0,175.0,50.0,Specialty Coffee Association,83.83
103,415,2011-09-20,2011,98,region,United States (Hawaii),kona,,,,,,,,1.0,1,0,0,0.0,27.0,45.359237,Specialty Coffee Association,83.33
104,630,2011-09-20,2011,98,region,United States (Hawaii),kona,,,,,,,,3.0,1,2,0,0.0,37.0,45.359237,Specialty Coffee Association,82.67
105,1114,2011-09-22,2011,98,region,United States (Hawaii),kona,,,,,,,,5.0,0,12,1,0.0,22.0,45.359237,Specialty Coffee Association,80.17
106,1139,2011-09-22,2011,98,region,United States (Hawaii),kona,,,,,,,,5.0,0,3,0,0.0,40.0,45.359237,Specialty Coffee Association,79.92
107,705,2011-09-22,2011,791,mill,Colombia,huila,1750.0,,,,,3T/2011,2011.0,2.0,1,0,1,0.0,,70.0,Almacafé,82.42
108,986,2011-09-22,2011,98,region,United States (Hawaii),kona,,,,,,,,4.0,1,3,0,0.0,4.0,45.359237,Specialty Coffee Association,81.17
109,870,2011-10-04,2011,543,region,Colombia,huila,1775.0,,,,,Mayo a Julio,,8.0,0,0,0,0.0,275.0,70.0,Almacafé,81.75
110,188,2011-10-28,2011,87,farm,Brazil,vale da grama,1275.0,yellow bourbon,,,,2011,2011.0,,0,0,4,0.0,75.0,60.0,NUCOFFEE,84.33
111,189,2011-10-28,2011,29,farm,Brazil,south of minas,1050.0,,,,,2011,2011.0,2.0,1,0,2,0.0,80.0,60.0,NUCOFFEE,84.33
112,476,2011-10-28,2011,345,farm,Brazil,south of minas,900.0,,,,,2011,2011.0,2.0,1,0,2,0.0,90.0,60.0,NUCOFFEE,83.17
113,653,2011-10-28,2011,564,farm,Brazil,south of minas,975.0,mundo novo,,,,2011,2011.0,,0,0,4,0.0,42.0,60.0,NUCOFFEE,82.58
114,857,2011-10-28,2011,286,farm,Brazil,cerrado,925.0,mundo novo,,,,2011,2011.0,2.0,1,0,2,0.0,58.0,60.0,NUCOFFEE,81.83
115,948,2011-11-11,2011,249,company,Colombia,huila,1750.0,caturra,natural / dry,natural,green,2011,2011.0,11.0,0,0,0,0.0,250.0,70.0,Almacafé,81.42
116,629,2011-11-16,2011,183,farm,Colombia,52 narino exact location mattituy municipal region florida code 381,1800.0,,,,green,Spring 2011 in Colombia.,2011.0,11.0,0,0,0,0.0,1.0,1.0,Specialty Coffee Association,82.67
117,908,2011-11-16,2011,610,farm,Thailand,doi chaang village chiang rai thialand,1500.0,,,,,2011,2011.0,1.0,1,0,0,0.0,12.0,50.0,Specialty Coffee Association,81.58
118,1243,2011-12-01,2011,145,country,Colombia,,,,,,green,,,10.0,0,1,3,0.0,202.0,70.0,Specialty Coffee Association,78.0
119,526,2011-12-02,2011,706,company,Colombia,la plata,1775.0,caturra,washed / wet,washed,blue_green,2011,2011.0,12.0,0,0,0,0.0,121.0,1.0,Almacafé,83.0
120,114,2011-12-03,2011,86,farm,Brazil,south of minas,1000.0,catuai,natural / dry,natural,green,2011,2011.0,12.0,0,0,2,0.0,10.0,60.0,NUCOFFEE,84.92
121,158,2011-12-03,2011,699,farm,Brazil,mountains of minas gerais,1100.0,catuai,semi-washed / semi-pulped,semi_washed,blue_green,2011,2011.0,11.0,0,0,1,0.0,35.0,60.0,NUCOFFEE,84.58
122,26,2011-12-03,2011,746,farm,Brazil,south of minas,1250.0,bourbon,natural / dry,natural,green,2011,2011.0,12.0,0,0,2,0.0,3.0,60.0,NUCOFFEE,86.92
123,33,2011-12-03,2011,631,farm,Brazil,vale da grama,1300.0,bourbon,natural / dry,natural,green,2011,2011.0,12.0,0,0,2,0.0,29.0,60.0,NUCOFFEE,86.42
124,46,2011-12-03,2011,746,farm,Brazil,south of minas,1250.0,bourbon,semi-washed / semi-pulped,semi_washed,blue_green,2011,2011.0,11.0,0,0,2,0.0,7.0,60.0,NUCOFFEE,86.08
125,475,2011-12-03,2011,283,farm,Brazil,south of minas,1000.0,mundo novo,semi-washed / semi-pulped,semi_washed,blue_green,2011,2011.0,12.0,0,0,3,0.0,25.0,60.0,NUCOFFEE,83.17
126,74,2011-12-03,2011,46,farm,Brazil,south of minas,1250.0,bourbon,semi-washed / semi-pulped,semi_washed,blue_green,2011,2011.0,11.0,0,0,1,0.0,5.0,60.0,NUCOFFEE,85.42
127,1049,2011-12-21,2011,231,company,United States (Hawaii),kona,,arusha,natural / dry,natural,blue_green,2011,2011.0,13.0,0,0,6,0.0,3.0,0.90718474,Specialty Coffee Association,80.75
128,292,2011-12-21,2011,658,farm,Brazil,carmo de minas,1250.0,yellow bourbon,semi-washed / semi-pulped,semi_washed,green,2011/2012,2011.0,12.0,0,0,3,0.0,300.0,1.0,NUCOFFEE,83.83
129,704,2011-12-22,2011,249,company,Colombia,huila,1750.0,caturra,washed / wet,washed,green,2011,2011.0,,0,0,2,0.0,250.0,70.0,Almacafé,82.42
130,869,2011-12-22,2011,249,company,Colombia,huila,1750.0,caturra,washed / wet,washed,green,2011,2011.0,,0,0,1,0.0,250.0,70.0,Almacafé,81.75
131,113,2011-12-23,2011,540,farm,Brazil,south of minas,1200.0,bourbon,natural / dry,natural,green,2011,2011.0,11.0,0,0,2,0.0,4.0,60.0,NUCOFFEE,84.92
132,157,2011-12-23,2011,631,farm,Brazil,vale da grama,1300.0,bourbon,semi-washed / semi-pulped,semi_washed,green,2011,2011.0,12.0,0,0,2,0.0,37.0,60.0,NUCOFFEE,84.58
133,1263,2012-01-03,2012,761,farm,Guatemala,oriente,,bourbon,washed / wet,washed,,2012,2012.0,12.0,0,0,4,0.0,250.0,2.0,Asociacion Nacional Del Café,76.5
134,1266,2012-01-03,2012,761,farm,Guatemala,oriente,,bourbon,washed / wet,washed,,2011/2012,2011.0,11.0,0,0,5,0.0,250.0,2.0,Asociacion Nacional Del Café,76.33
135,1285,2012-01-05,2012,761,farm,Guatemala,oriente,,bourbon,washed / wet,washed,,2012,2012.0,11.0,0,0,10,0.0,250.0,1.0,Asociacion Nacional Del Café,74.75
136,1276,2012-01-06,2012,761,farm,Guatemala,oriente,,bourbon,washed / wet,washed,,2012,2012.0,12.0,0,0,10,0.0,250.0,1.0,Asociacion Nacional Del Café,75.58
137,1284,2012-01-09,2012,761,farm,Guatemala,oriente,,bourbon,washed / wet,washed,,2012,2012.0,11.0,0,0,8,0.0,250.0,1.0,Asociacion Nacional Del Café,74.75
138,1182,2012-01-13,2012,761,farm,Guatemala,oriente,,bourbon,washed / wet,washed,green,2012,2012.0,11.0,0,0,6,0.0,250.0,1.0,Asociacion Nacional Del Café,79.33
139,1231,2012-01-13,2012,761,farm,Guatemala,oriente,,bourbon,washed / wet,washed,green,2012,2012.0,11.0,0,0,9,0.0,250.0,1.0,Asociacion Nacional Del Café,78.33
140,1246,2012-01-13,2012,761,farm,Guatemala,oriente,,bourbon,washed / wet,washed,green,2012,2012.0,11.0,0,0,7,0.0,250.0,1.0,Asociacion Nacional Del Café,77.92
141,1270,2012-01-18,2012,238,farm,Indonesia,indonesia,1067.0,other,natural / dry,natural,,2011,2011.0,12.0,0,4,26,0.0,15.0,2.0,Specialty Coffee Association,76.17
142,88,2012-01-18,2012,632,farm,Guatemala,huehuetenango,1400.0,caturra,washed / wet,washed,,2012,2012.0,,0,0,7,0.0,250.0,1.0,Specialty Coffee Association,85.17
143,351,2012-01-23,2012,795,farm,Brazil,south of minas,1100.0,catuai,semi-washed / semi-pulped,semi_washed,blue_green,2012,2012.0,12.0,0,0,2,0.0,33.0,60.0,NUCOFFEE,83.58
144,703,2012-01-23,2012,560,farm,Brazil,south of minas,,arusha,natural / dry,natural,blue_green,2012,2012.0,11.0,0,0,2,0.0,51.0,60.0,NUCOFFEE,82.42
145,755,2012-01-23,2012,421,farm,Brazil,,,arusha,natural / dry,natural,green,2012,2012.0,12.0,0,0,1,0.0,84.0,60.0,NUCOFFEE,82.25
146,985,2012-01-23,2012,256,farm,Brazil,south of minas,1000.0,mundo novo,natural / dry,natural,green,2012,2012.0,12.0,0,0,1,0.0,17.0,60.0,NUCOFFEE,81.17
147,1058,2012-01-25,2012,402,farm,Guatemala,oriente,,bourbon,washed / wet,washed,green,2012,2012.0,11.0,0,0,2,0.0,250.0,1.0,Asociacion Nacional Del Café,80.67
148,1059,2012-01-25,2012,402,farm,Guatemala,oriente,,bourbon,washed / wet,washed,green,2012,2012.0,11.0,0,0,3,0.0,250.0,1.0,Asociacion Nacional Del Café,80.67
149,932,2012-01-25,2012,402,farm,Guatemala,oriente,,bourbon,washed / wet,washed,green,2012,2012.0,11.0,0,0,1,0.0,250.0,1.0,Asociacion Nacional Del Café,81.5
150,702,2012-01-31,2012,412,company,Colombia,huila,442.0,caturra,natural / dry,natural,,2012,2012.0,,0,0,2,0.0,250.0,70.0,Almacafé,82.42
151,734,2012-01-31,2012,412,company,Colombia,huila,442.0,caturra,natural / dry,natural,green,2012,2012.0,,0,0,0,0.0,250.0,70.0,Almacafé,82.33
152,373,2012-02-01,2012,761,farm,Guatemala,oriente,1402.0,bourbon,washed / wet,washed,green,2012,2012.0,,0,3,12,0.0,250.0,2.0,Specialty Coffee Association,83.5
153,474,2012-02-01,2012,761,farm,Guatemala,oriente,1402.0,bourbon,washed / wet,washed,green,2012,2012.0,,0,0,10,0.0,250.0,2.0,Specialty Coffee Association,83.17
154,814,2012-02-01,2012,761,farm,Guatemala,oriente,1402.0,bourbon,washed / wet,washed,green,2012,2012.0,,0,0,10,0.0,250.0,2.0,Specialty Coffee Association,82.0
155,1093,2012-02-08,2012,740,company,United States (Hawaii),kona,,hawaiian kona,washed / wet,washed,green,2012,2012.0,12.0,0,5,7,0.0,10.0,45.359237,Specialty Coffee Association,80.33
156,895,2012-02-08,2012,740,company,United States (Hawaii),kona,,hawaiian kona,washed / wet,washed,green,2012,2012.0,10.0,0,1,1,0.0,13.0,45.359237,Specialty Coffee Association,81.67
157,372,2012-02-09,2012,706,company,Colombia,huila,1775.0,caturra,washed / wet,washed,green,2012,2012.0,11.0,0,0,0,0.0,175.0,70.0,Almacafé,83.5
158,437,2012-02-09,2012,706,company,Colombia,la plata,1775.0,caturra,washed / wet,washed,green,2012,2012.0,11.0,0,0,0,0.0,175.0,70.0,Almacafé,83.25
159,754,2012-02-09,2012,706,company,Colombia,huila,1775.0,caturra,washed / wet,washed,green,2012,2012.0,11.0,0,0,0,0.0,100.0,70.0,Almacafé,82.25
160,142,2012-02-13,2012,341,company,Uganda,mbale,1775.0,other,washed / wet,washed,blue_green,2012,2012.0,11.0,0,0,3,0.0,320.0,60.0,Africa Fine Coffee Association,84.67
161,210,2012-02-13,2012,160,company,Uganda,kasese,1700.0,other,natural / dry,natural,green,2012,2012.0,13.0,0,4,29,0.0,1.0,60.0,Africa Fine Coffee Association,84.25
162,231,2012-02-13,2012,384,company,Uganda,mt rwenzori,1600.0,other,washed / wet,washed,green,2012,2012.0,11.0,0,0,1,0.0,320.0,60.0,Africa Fine Coffee Association,84.17
163,257,2012-02-13,2012,160,company,Uganda,kasese,1700.0,other,washed / wet,washed,green,2012,2012.0,10.0,0,10,26,0.0,320.0,60.0,Africa Fine Coffee Association,84.0
164,50,2012-02-13,2012,493,company,Uganda,sipi mt elgon,1650.0,other,washed / wet,washed,blue_green,2012,2012.0,10.0,0,0,0,0.0,1.0,60.0,Africa Fine Coffee Association,86.0
165,998,2012-02-13,2012,684,company,United States (Hawaii),,,hawaiian kona,washed / wet,washed,blue_green,2012,2012.0,6.0,0,0,0,0.0,2.0,45.359237,Specialty Coffee Association,81.08
166,169,2012-02-16,2012,209,farm,Guatemala,el tumbador san marcos,,bourbon,washed / wet,washed,green,2012,2012.0,11.0,0,0,2,0.0,250.0,69.0,Asociacion Nacional Del Café,84.5
167,473,2012-02-17,2012,59,farm,Brazil,mogiana,950.0,mundo novo,natural / dry,natural,green,2012,2012.0,11.0,0,0,4,0.0,100.0,60.0,NUCOFFEE,83.17
168,733,2012-02-17,2012,818,farm,Brazil,south of minas,950.0,mundo novo,washed / wet,washed,green,2012,2012.0,11.0,0,0,2,0.0,44.0,60.0,NUCOFFEE,82.33
169,813,2012-02-17,2012,839,farm,Brazil,south of minas,950.0,mundo novo,semi-washed / semi-pulped,semi_washed,green,2012,2012.0,12.0,0,0,2,0.0,53.0,60.0,NUCOFFEE,82.0
170,436,2012-02-22,2012,249,company,Colombia,huila,175.0,caturra,washed / wet,washed,green,2012,2012.0,12.0,0,0,1,0.0,250.0,70.0,Almacafé,83.25
171,753,2012-02-22,2012,249,company,Colombia,huila,1750.0,caturra,washed / wet,washed,green,2012,2012.0,12.0,0,0,1,0.0,250.0,70.0,Almacafé,82.25
172,1036,2012-02-23,2012,740,company,United States (Hawaii),kona,,hawaiian kona,washed / wet,washed,blue_green,2012,2012.0,10.0,0,2,0,0.0,7.0,45.359237,Specialty Coffee Association,80.83
173,435,2012-02-23,2012,236,farm,Brazil,grama valley,1200.0,yellow bourbon,semi-washed / semi-pulped,semi_washed,blue_green,2012,2012.0,11.0,0,0,1,0.0,30.0,60.0,NUCOFFEE,83.25
174,492,2012-02-23,2012,740,company,United States (Hawaii),kona,,hawaiian kona,washed / wet,washed,green,2012,2012.0,12.0,0,0,0,0.0,6.0,45.359237,Specialty Coffee Association,83.08
175,557,2012-02-23,2012,740,company,United States (Hawaii),kona,,hawaiian kona,washed / wet,washed,green,2012,2012.0,10.0,0,0,0,0.0,8.0,45.359237,Specialty Coffee Association,82.92
176,605,2012-02-23,2012,740,company,United States (Hawaii),kona,,hawaiian kona,washed / wet,washed,green,2012,2012.0,12.0,0,0,0,0.0,6.0,45.359237,Specialty Coffee Association,82.75
177,606,2012-02-23,2012,64,farm,Panama,boquete,1100.0,catuai,washed / wet,washed,green,2012,2012.0,,0,0,4,0.0,300.0,2.0,Specialty Coffee Association,82.75
178,673,2012-02-23,2012,740,company,United States (Hawaii),kona,,hawaiian kona,washed / wet,washed,green,2012,2012.0,12.0,0,2,3,0.0,7.0,45.359237,Specialty Coffee Association,82.5
179,793,2012-02-23,2012,740,company,United States (Hawaii),kona,,hawaiian kona,washed / wet,washed,green,2012,2012.0,10.0,0,0,2,0.0,10.0,45.359237,Specialty Coffee Association,82.08
180,103,2012-02-29,2012,483,farm,Brazil,grama valley,1100.0,mundo novo,natural / dry,natural,green,2012,2012.0,12.0,0,0,3,0.0,31.0,60.0,NUCOFFEE,85.0
181,832,2012-02-29,2012,70,farm,Brazil,grama valley,1100.0,mundo novo,natural / dry,natural,green,2012,2012.0,12.0,0,0,3,0.0,8.0,60.0,NUCOFFEE,81.92
182,894,2012-02-29,2012,644,farm,Mexico,sacun palma municipio de chilon chiapas,940.0,caturra,semi-washed / semi-pulped,semi_washed,green,2012,2012.0,11.0,0,0,4,0.0,12.0,1.0,AMECAFE,81.67
183,1280,2012-03-05,2012,672,farm,Mexico,huautla de jimenez,1280.0,typica,washed / wet,washed,blue_green,2012,2012.0,13.0,0,23,29,0.0,18.0,1.0,AMECAFE,75.17
184,556,2012-03-05,2012,379,farm,Mexico,la cumbre,1400.0,typica,washed / wet,washed,green,2012,2012.0,14.0,0,1,4,0.0,100.0,1.0,AMECAFE,82.92
185,604,2012-03-05,2012,706,company,Colombia,huila,1775.0,caturra,washed / wet,washed,green,2012,2012.0,11.0,0,0,3,0.0,100.0,70.0,Almacafé,82.75
186,672,2012-03-05,2012,706,company,Colombia,huila,1775.0,caturra,washed / wet,washed,green,2012,2012.0,11.0,0,1,3,0.0,275.0,70.0,Almacafé,82.5
187,732,2012-03-05,2012,570,farm,Mexico,santa catarina juquila,1300.0,typica,washed / wet,washed,green,2012,2012.0,11.0,0,0,0,0.0,10.0,1.0,AMECAFE,82.33
188,671,2012-03-16,2012,658,farm,Brazil,carmo de minas,1250.0,bourbon,semi-washed / semi-pulped,semi_washed,blue_green,2012,2012.0,,0,0,4,0.0,300.0,60.0,NUCOFFEE,82.5
189,93,2012-03-16,2012,412,company,Colombia,cundinamarca,2136.0,caturra,natural / dry,natural,green,2012,2012.0,11.0,0,0,8,0.0,250.0,70.0,Almacafé,85.08
190,472,2012-03-19,2012,67,farm,Brazil,south of minas,1000.0,mundo novo,natural / dry,natural,green,2012,2012.0,12.0,0,0,1,0.0,50.0,60.0,NUCOFFEE,83.17
191,230,2012-03-26,2012,194,farm,Guatemala,guatemala,,catuai,natural / dry,natural,blue_green,2012,2012.0,11.0,0,0,2,0.0,275.0,1.0,Asociacion Nacional Del Café,84.17
192,670,2012-03-26,2012,745,company,Guatemala,oriente,,caturra,natural / dry,natural,green,2012,2012.0,11.0,0,0,5,0.0,275.0,1.0,Asociacion Nacional Del Café,82.5
193,812,2012-03-26,2012,629,farm,Guatemala,san marcos,,bourbon,natural / dry,natural,green,2012,2012.0,11.0,0,0,3,0.0,250.0,1.0,Asociacion Nacional Del Café,82.0
194,209,2012-04-02,2012,198,farm,Mexico,la concordia chiapas,1400.0,bourbon,washed / wet,washed,blue_green,2012,2012.0,10.0,0,0,4,0.0,250.0,1.0,AMECAFE,84.25
195,274,2012-04-02,2012,751,farm,Mexico,la yerbabuena,1400.0,typica,washed / wet,washed,green,2012,2012.0,,0,0,2,0.0,20.0,1.0,AMECAFE,83.92
196,350,2012-04-02,2012,412,company,Colombia,cundinamarca,2136.0,caturra,natural / dry,natural,green,2012,2012.0,11.0,0,0,4,0.0,250.0,70.0,Almacafé,83.58
197,752,2012-04-02,2012,612,farm,Mexico,canoas,900.0,typica,washed / wet,washed,green,2012,2012.0,10.0,0,0,3,0.0,250.0,1.0,AMECAFE,82.25
198,893,2012-04-02,2012,538,farm,Mexico,la concordia chiapas,1400.0,bourbon,washed / wet,washed,green,2012,2012.0,11.0,0,0,2,0.0,250.0,1.0,AMECAFE,81.67
199,1144,2012-04-05,2012,231,company,United States (Hawaii),kona,,hawaiian kona,natural / dry,natural,blue_green,2012,2012.0,12.0,0,7,10,0.0,12.0,45.359237,Specialty Coffee Association,79.83
200,118,2012-04-06,2012,231,company,United States (Hawaii),kona,,hawaiian kona,natural / dry,natural,,2012,2012.0,,0,3,15,0.0,14.0,45.359237,Specialty Coffee Association,84.83
201,1292,2012-04-06,2012,231,company,United States (Hawaii),kona,,hawaiian kona,natural / dry,natural,,2012,2012.0,,0,9,17,0.0,22.0,45.359237,Specialty Coffee Association,73.67
202,37,2012-04-06,2012,231,company,United States (Hawaii),kona,,hawaiian kona,natural / dry,natural,,2012,2012.0,,0,1,4,0.0,10.0,45.359237,Specialty Coffee Association,86.25
203,491,2012-04-06,2012,231,company,United States (Hawaii),kona,,hawaiian kona,natural / dry,natural,,2012,2012.0,,0,1,4,0.0,7.0,45.359237,Specialty Coffee Association,83.08
204,65,2012-04-06,2012,231,company,United States (Hawaii),kona,,hawaiian kona,natural / dry,natural,,2012,2012.0,,0,0,1,0.0,8.0,45.359237,Specialty Coffee Association,85.58
205,73,2012-04-06,2012,231,company,United States (Hawaii),kona,,hawaiian kona,natural / dry,natural,,2012,2012.0,,0,4,6,0.0,8.0,45.359237,Specialty Coffee Association,85.42
206,208,2012-04-09,2012,744,farm,Mexico,veracruz,1170.0,bourbon,washed / wet,washed,green,2012,2012.0,12.0,0,0,0,0.0,20.0,1.0,AMECAFE,84.25
207,701,2012-04-09,2012,705,farm,Mexico,fln mirador,1450.0,typica,washed / wet,washed,blue_green,2012,2012.0,12.0,0,0,0,0.0,10.0,1.0,AMECAFE,82.42
208,603,2012-04-11,2012,677,farm,Colombia,south huila,1625.0,caturra,washed / wet,washed,blue_green,2012,2012.0,,0,0,0,0.0,250.0,70.0,Almacafé,82.75
209,731,2012-04-11,2012,32,farm,Brazil,grama valley,1100.0,mundo novo,natural / dry,natural,green,2012,2012.0,12.0,0,0,2,0.0,16.0,60.0,NUCOFFEE,82.33
210,811,2012-04-11,2012,840,farm,Brazil,cerrado,1050.0,catuai,semi-washed / semi-pulped,semi_washed,blue_green,2012,2012.0,11.0,0,0,1,0.0,75.0,60.0,NUCOFFEE,82.0
211,41,2012-04-12,2012,314,farm,Thailand,chiang rai,1300.0,caturra,washed / wet,washed,green,2012,2012.0,10.0,0,1,9,0.0,53.0,1.0,Specialty Coffee Association,86.17
212,931,2012-04-12,2012,241,farm,Brazil,sul de minas,,bourbon,semi-washed / semi-pulped,semi_washed,blue_green,2012,2012.0,12.0,0,0,2,0.0,300.0,1.0,NUCOFFEE,81.5
213,525,2012-04-27,2012,461,farm,Guatemala,la reforma san marcos,1372.0,bourbon,washed / wet,washed,green,2012,2012.0,10.0,0,0,2,0.0,275.0,1.0,Asociacion Nacional Del Café,83.0
214,1265,2012-04-30,2012,347,farm,Guatemala,oriente,1311.0,bourbon,washed / wet,washed,green,2012,2012.0,11.0,0,0,8,0.0,250.0,69.0,Asociacion Nacional Del Café,76.33
215,334,2012-04-30,2012,149,farm,Guatemala,sacatepequez guatemala,1524.0,caturra,washed / wet,washed,green,2012,2012.0,10.0,0,0,0,0.0,250.0,69.0,Asociacion Nacional Del Café,83.67
216,371,2012-04-30,2012,667,farm,Guatemala,atitlan,1524.0,caturra,washed / wet,washed,green,2012,2012.0,10.0,0,0,5,0.0,275.0,69.0,Asociacion Nacional Del Café,83.5
217,523,2012-05-11,2012,249,company,Colombia,huila,1625.0,caturra,washed / wet,washed,green,2012,2012.0,,0,0,4,0.0,250.0,70.0,Almacafé,83.0
218,1048,2012-05-22,2012,453,farm,Haiti,haiti,1000.0,typica,washed / wet,washed,green,2012,2012.0,12.0,0,0,0,0.0,1.0,2.0,Specialty Coffee Association,80.75
219,522,2012-05-22,2012,249,company,Colombia,,,arusha,natural / dry,natural,,2012,2012.0,,0,1,4,0.0,250.0,70.0,Almacafé,83.0
220,333,2012-05-23,2012,445,farm,Indonesia,east java,1400.0,typica,washed / wet,washed,green,2012,2012.0,12.0,0,0,0,0.0,10.0,60.0,Specialty Coffee Association of Indonesia,83.67
221,730,2012-05-23,2012,347,farm,Guatemala,oriente,1311.0,bourbon,washed / wet,washed,green,2012,2012.0,10.0,0,2,5,0.0,250.0,1.0,Asociacion Nacional Del Café,82.33
222,1113,2012-05-24,2012,347,farm,Guatemala,oriente,1311.0,bourbon,washed / wet,washed,green,2012,2012.0,11.0,0,0,5,0.0,250.0,1.0,Asociacion Nacional Del Café,80.17
223,1233,2012-05-24,2012,231,company,United States (Hawaii),kona,,hawaiian kona,natural / dry,natural,green,2012,2012.0,11.0,0,4,31,0.0,5.0,45.359237,Specialty Coffee Association,78.25
224,1308,2012-05-24,2012,417,farm,Haiti,department d artibonite haiti,350.0,typica,natural / dry,natural,blue_green,2012,2012.0,14.0,0,8,16,0.0,1.0,2.0,Specialty Coffee Association,67.92
225,1310,2012-05-24,2012,382,farm,Guatemala,nuevo oriente,1417.0,catuai,washed / wet,washed,green,2012,2012.0,10.0,0,0,4,0.0,275.0,1.0,Asociacion Nacional Del Café,59.83
226,311,2012-05-24,2012,378,company,Guatemala,quetzaltenango,1300.0,caturra,washed / wet,washed,blue_green,2012,2012.0,11.0,0,0,1,0.0,250.0,1.36077711,Specialty Coffee Association,83.75
227,930,2012-05-24,2012,445,farm,Indonesia,ijen,1400.0,other,washed / wet,washed,green,2012,2012.0,12.0,0,0,0,0.0,10.0,60.0,Specialty Coffee Association of Indonesia,81.5
228,414,2012-05-30,2012,249,company,Colombia,huila,1750.0,caturra,washed / wet,washed,green,2012,2012.0,,0,0,1,0.0,250.0,70.0,Almacafé,83.33
229,256,2012-05-31,2012,223,company,Kenya,central kenya,1650.0,sl28,washed / wet,washed,blue_green,2012,2012.0,,0,0,0,0.0,150.0,,Kenya Coffee Traders Association,84.0
230,1164,2012-06-04,2012,546,farm,Mexico,coatepec coatepec,1264.0,mundo novo,washed / wet,washed,,2012,2012.0,,0,0,9,0.0,253.0,1.0,AMECAFE,79.67
231,810,2012-06-04,2012,67,farm,Brazil,south of minas,1000.0,mundo novo,natural / dry,natural,green,2012,2012.0,12.0,0,0,1,0.0,50.0,60.0,NUCOFFEE,82.0
232,59,2012-06-05,2012,382,farm,Guatemala,nuevo oriente,1417.0,catuai,washed / wet,washed,blue_green,2012,2012.0,10.0,0,0,1,0.0,275.0,1.0,Asociacion Nacional Del Café,85.83
233,1157,2012-06-06,2012,743,farm,Mexico,tuxtla gutierrez,1100.0,typica,washed / wet,washed,,2012,2012.0,12.0,0,0,7,0.0,36.0,1.0,AMECAFE,79.75
234,1212,2012-06-06,2012,641,farm,Mexico,ohuapan tlaltetela,1350.0,bourbon,washed / wet,washed,,2012,2012.0,12.0,0,0,0,0.0,10.0,1.0,AMECAFE,78.75
235,1279,2012-06-06,2012,743,farm,Mexico,,1100.0,other,washed / wet,washed,,2012,2012.0,12.0,0,0,8,0.0,36.0,1.0,AMECAFE,75.17
236,168,2012-06-06,2012,358,farm,Mexico,jaltenango,1500.0,typica,washed / wet,washed,,2012,2012.0,11.0,0,0,4,0.0,250.0,1.0,AMECAFE,84.5
237,178,2012-06-06,2012,364,farm,Mexico,tapachula,900.0,pacamara,washed / wet,washed,,2012,2012.0,12.0,0,2,4,0.0,69.0,1.0,AMECAFE,84.42
238,273,2012-06-06,2012,779,farm,Mexico,la concordia,1500.0,typica,washed / wet,washed,,2012,2012.0,11.0,0,0,2,0.0,250.0,1.0,AMECAFE,83.92
239,291,2012-06-06,2012,198,farm,Mexico,la concordia chiapas,1300.0,pacas,natural / dry,natural,,2012,2012.0,11.0,0,0,4,0.0,250.0,1.0,AMECAFE,83.83
240,349,2012-06-06,2012,37,farm,Mexico,xalapa,1000.0,typica,washed / wet,washed,,2012,2012.0,12.0,0,0,2,0.0,250.0,1.0,AMECAFE,83.58
241,471,2012-06-06,2012,538,farm,Mexico,la concordia,1380.0,typica,washed / wet,washed,,2012,2012.0,11.0,0,0,5,0.0,250.0,1.0,AMECAFE,83.17
242,490,2012-06-06,2012,534,farm,Mexico,santa catarina juquila,1400.0,other,washed / wet,washed,,2012,2012.0,10.0,0,0,1,0.0,10.0,1.0,AMECAFE,83.08
243,577,2012-06-06,2012,538,farm,Mexico,la concordia,1380.0,typica,washed / wet,washed,,2012,2012.0,11.0,0,0,2,0.0,250.0,1.0,AMECAFE,82.83
244,602,2012-06-06,2012,605,company,Mexico,atoyac de alvarez,1200.0,typica,natural / dry,natural,,2012,2012.0,12.0,0,1,4,0.0,21.0,1.0,AMECAFE,82.75
245,627,2012-06-06,2012,743,farm,Mexico,,1100.0,other,washed / wet,washed,,2012,2012.0,11.0,0,0,2,0.0,36.0,1.0,AMECAFE,82.67
246,628,2012-06-06,2012,405,farm,Mexico,mahuixtlan,950.0,typica,washed / wet,washed,,2012,2012.0,12.0,0,0,0,0.0,23.0,1.0,AMECAFE,82.67
247,700,2012-06-06,2012,360,farm,Mexico,progreso santa rosa teocelo,1250.0,bourbon,washed / wet,washed,,2012,2012.0,13.0,0,0,4,0.0,1.0,1.0,AMECAFE,82.42
248,868,2012-06-06,2012,797,farm,Mexico,la concordia,1650.0,typica,washed / wet,washed,,2012,2012.0,12.0,0,0,1,0.0,28.0,1.0,AMECAFE,81.75
249,906,2012-06-06,2012,634,farm,Mexico,la concordia,1600.0,marigojipe,natural / dry,natural,,2012,2012.0,11.0,0,0,0,0.0,28.0,1.0,AMECAFE,81.58
250,907,2012-06-06,2012,168,farm,Mexico,la concordia,1650.0,typica,natural / dry,natural,,2012,2012.0,11.0,0,0,2,0.0,28.0,1.0,AMECAFE,81.58
251,947,2012-06-06,2012,614,farm,Mexico,coatepec coatepec,1100.0,typica,washed / wet,washed,,2012,2012.0,13.0,0,0,1,0.0,20.0,1.0,AMECAFE,81.42
252,669,2012-06-07,2012,387,farm,Mexico,la concordia,1650.0,typica,semi-washed / semi-pulped,semi_washed,,2012,2012.0,11.0,0,0,2,0.0,28.0,1.0,AMECAFE,82.5
253,470,2012-06-08,2012,249,company,Colombia,huila,1750.0,caturra,washed / wet,washed,blue_green,2012,2012.0,11.0,0,0,0,0.0,250.0,70.0,Almacafé,83.17
254,524,2012-06-08,2012,249,company,Colombia,huila,1750.0,caturra,washed / wet,washed,green,2012,2012.0,11.0,0,0,0,0.0,250.0,70.0,Almacafé,83.0
255,626,2012-06-13,2012,594,farm,Thailand,thailand,,other,washed / wet,washed,blue_green,2012,2012.0,12.0,0,0,0,0.0,2.0,1.0,Specialty Coffee Association,82.67
256,652,2012-06-13,2012,706,company,Colombia,huila,1775.0,caturra,washed / wet,washed,green,2012,2012.0,11.0,0,2,2,0.0,275.0,70.0,Almacafé,82.58
257,255,2012-06-21,2012,594,farm,Thailand,thailand,,other,washed / wet,washed,green,2012,2012.0,12.0,0,0,0,0.0,2.0,1.0,Specialty Coffee Association,84.0
258,392,2012-06-26,2012,249,company,Colombia,cundinamarca,1450.0,caturra,washed / wet,washed,green,2012,2012.0,11.0,0,0,2,0.0,250.0,70.0,Almacafé,83.42
259,1220,2012-07-02,2012,750,farm,Mexico,cofradia de suchitlan,1300.0,typica,washed / wet,washed,,2012,2012.0,10.0,0,0,1,0.0,50.0,1.0,AMECAFE,78.58
260,141,2012-07-02,2012,77,farm,Mexico,el remudadero,1200.0,typica,washed / wet,washed,,2012,2012.0,13.0,0,0,3,0.0,80.0,1.0,AMECAFE,84.67
261,332,2012-07-02,2012,489,farm,Mexico,xicotepec de juarez,1100.0,typica,washed / wet,washed,green,2012,2012.0,12.0,0,4,11,0.0,48.0,1.0,AMECAFE,83.67
262,651,2012-07-02,2012,531,farm,Mexico,colima,1150.0,typica,washed / wet,washed,green,2012,2012.0,12.0,0,0,0,0.0,70.0,1.0,AMECAFE,82.58
263,776,2012-07-02,2012,191,farm,Mexico,colima,1200.0,typica,washed / wet,washed,green,2012,2012.0,10.0,0,0,1,0.0,60.0,1.0,AMECAFE,82.17
264,1013,2012-07-03,2012,57,company,Mexico,adolfo lopez mateos,1100.0,typica,washed / wet,washed,green,2012,2012.0,,0,0,8,0.0,200.0,1.0,AMECAFE,81.0
265,1035,2012-07-03,2012,248,farm,Mexico,veracruz,100.0,bourbon,washed / wet,washed,green,2012,2012.0,13.0,0,0,1,0.0,100.0,1.0,AMECAFE,80.83
266,1197,2012-07-03,2012,406,farm,Mexico,talpa de allende,1200.0,typica,washed / wet,washed,blue_green,2012,2012.0,10.0,0,0,0,0.0,10.0,1.0,AMECAFE,79.08
267,140,2012-07-03,2012,166,farm,Guatemala,acatenango,1524.0,bourbon,washed / wet,washed,green,2012,2012.0,12.0,0,0,4,0.0,125.0,1.0,Asociacion Nacional Del Café,84.67
268,272,2012-07-03,2012,749,farm,Mexico,xicotepec de juarez,900.0,typica,washed / wet,washed,blue_green,2012,2012.0,12.0,0,10,32,0.0,48.0,1.0,AMECAFE,83.92
269,58,2012-07-03,2012,166,farm,Guatemala,acatenango,1524.0,bourbon,washed / wet,washed,green,2012,2012.0,12.0,0,0,3,0.0,150.0,1.0,Asociacion Nacional Del Café,85.83
270,699,2012-07-03,2012,583,farm,Mexico,xicotepec de juarez,1150.0,caturra,washed / wet,washed,green,2012,2012.0,11.0,0,0,0,0.0,10.0,1.0,AMECAFE,82.42
271,997,2012-07-03,2012,406,farm,Mexico,talpa de allende,1200.0,typica,washed / wet,washed,green,2012,2012.0,10.0,0,0,1,0.0,15.0,1.0,AMECAFE,81.08
272,1275,2012-07-09,2012,347,farm,Guatemala,oriente,1311.0,bourbon,washed / wet,washed,green,2012,2012.0,11.0,0,0,15,0.0,250.0,1.0,Asociacion Nacional Del Café,75.58
273,331,2012-07-09,2012,347,farm,Guatemala,oriente,1311.0,bourbon,washed / wet,washed,green,2012,2012.0,11.0,0,0,13,0.0,250.0,1.0,Asociacion Nacional Del Café,83.67
274,434,2012-07-09,2012,347,farm,Guatemala,oriente,1311.0,bourbon,washed / wet,washed,green,2012,2012.0,11.0,0,0,9,0.0,250.0,1.0,Asociacion Nacional Del Café,83.25
275,576,2012-07-09,2012,347,farm,Guatemala,oriente,1311.0,bourbon,washed / wet,washed,green,2012,2012.0,11.0,0,0,10,0.0,250.0,1.0,Asociacion Nacional Del Café,82.83
276,1029,2012-07-11,2012,833,farm,Mexico,ixhuatlan del cafe,1186.0,typica,washed / wet,washed,green,2012,2012.0,13.0,0,0,12,0.0,60.0,1.0,AMECAFE,80.92
277,112,2012-07-11,2012,733,farm,Mexico,coatepec,1200.0,typica,semi-washed / semi-pulped,semi_washed,,2012,2012.0,11.0,0,0,0,0.0,25.0,1.0,AMECAFE,84.92
278,1137,2012-07-11,2012,205,farm,Mexico,coatepec,1250.0,typica,natural / dry,natural,green,2012,2012.0,12.0,0,0,6,0.0,100.0,1.0,AMECAFE,79.92
279,1138,2012-07-11,2012,380,farm,Mexico,veracruz,1250.0,mundo novo,washed / wet,washed,green,2012,2012.0,11.0,0,0,0,0.0,209.0,1.0,AMECAFE,79.92
280,1143,2012-07-11,2012,8,farm,Mexico,veracruz,1300.0,typica,washed / wet,washed,green,2012,2012.0,12.0,0,0,3,0.0,250.0,1.0,AMECAFE,79.83
281,1174,2012-07-11,2012,396,farm,Mexico,coatepec coatepec,1100.0,typica,washed / wet,washed,blue_green,2012,2012.0,12.0,0,0,5,0.0,127.0,1.0,AMECAFE,79.5
282,1235,2012-07-11,2012,342,mill,Mexico,cordoba,1050.0,typica,washed / wet,washed,green,2012,2012.0,11.0,0,0,3,0.0,320.0,1.0,AMECAFE,78.08
283,1281,2012-07-11,2012,287,farm,Mexico,menglian,850.0,typica,washed / wet,washed,green,2012,2012.0,14.0,0,15,7,0.0,43.0,1.0,AMECAFE,75.0
284,1301,2012-07-11,2012,13,farm,Mexico,veracruz,1800.0,bourbon,washed / wet,washed,green,2012,2012.0,11.0,0,0,0,0.0,25.0,1.0,AMECAFE,71.0
285,167,2012-07-11,2012,442,farm,Mexico,hustusco,1350.0,typica,washed / wet,washed,green,2012,2012.0,12.0,0,0,0,0.0,56.0,1.0,AMECAFE,84.5
286,370,2012-07-11,2012,340,farm,Mexico,totutla,1400.0,pacamara,washed / wet,washed,green,2012,2012.0,12.0,0,0,0,0.0,15.0,1.0,AMECAFE,83.5
287,433,2012-07-11,2012,220,farm,Mexico,fortin de las flores,1000.0,caturra,washed / wet,washed,blue_green,2012,2012.0,12.0,0,0,0,0.0,54.0,1.0,AMECAFE,83.25
288,469,2012-07-11,2012,794,farm,Mexico,san isidro,700.0,typica,washed / wet,washed,green,2012,2012.0,13.0,0,0,5,0.0,15.0,1.0,AMECAFE,83.17
289,521,2012-07-11,2012,443,farm,Mexico,coatepec,1200.0,bourbon,washed / wet,washed,green,2012,2012.0,11.0,0,5,8,0.0,250.0,1.0,AMECAFE,83.0
290,575,2012-07-11,2012,360,farm,Mexico,veracruz,1250.0,bourbon,washed / wet,washed,blue_green,2012,2012.0,12.0,0,0,7,0.0,250.0,1.0,AMECAFE,82.83
291,601,2012-07-11,2012,431,farm,Mexico,veracruz,1200.0,typica,washed / wet,washed,,2012,2012.0,12.0,0,0,0,0.0,250.0,1.0,AMECAFE,82.75
292,698,2012-07-11,2012,663,farm,Mexico,veracruz,1350.0,pacamara,washed / wet,washed,green,2012,2012.0,14.0,0,0,6,0.0,26.0,1.0,AMECAFE,82.42
293,751,2012-07-11,2012,615,farm,Mexico,veracruz,1100.0,typica,washed / wet,washed,green,2012,2012.0,11.0,0,0,0,0.0,250.0,1.0,AMECAFE,82.25
294,775,2012-07-11,2012,511,farm,Mexico,altotonga,1000.0,typica,washed / wet,washed,green,2012,2012.0,12.0,0,0,4,0.0,200.0,1.0,AMECAFE,82.17
295,792,2012-07-11,2012,700,farm,Mexico,veracruz,1250.0,typica,washed / wet,washed,green,2012,2012.0,11.0,0,0,1,0.0,250.0,1.0,AMECAFE,82.08
296,809,2012-07-11,2012,487,farm,Mexico,coscomatepec,940.0,typica,washed / wet,washed,green,2012,2012.0,12.0,0,0,1,0.0,15.0,1.0,AMECAFE,82.0
297,830,2012-07-11,2012,492,farm,Mexico,veracruz,1650.0,other,washed / wet,washed,green,2012,2012.0,12.0,0,0,4,0.0,30.0,1.0,AMECAFE,81.92
298,831,2012-07-11,2012,220,farm,Mexico,fortin de las flores,1000.0,bourbon,washed / wet,washed,green,2012,2012.0,12.0,0,0,0,0.0,62.0,1.0,AMECAFE,81.92
299,856,2012-07-11,2012,265,farm,Mexico,coatepec,1250.0,typica,semi-washed / semi-pulped,semi_washed,green,2012,2012.0,12.0,0,0,10,0.0,15.0,1.0,AMECAFE,81.83
300,961,2012-07-11,2012,101,farm,Mexico,veracruz,1000.0,typica,washed / wet,washed,,2012,2012.0,12.0,0,0,4,0.0,70.0,1.0,AMECAFE,81.33
301,1211,2012-07-16,2012,719,farm,Mexico,veracruz,1250.0,typica,semi-washed / semi-pulped,semi_washed,,2012,2012.0,14.0,0,0,0,0.0,35.0,1.0,AMECAFE,78.75
302,139,2012-07-17,2012,347,farm,Guatemala,oriente,1311.0,bourbon,washed / wet,washed,green,2012,2012.0,11.0,0,0,4,0.0,250.0,1.0,Asociacion Nacional Del Café,84.67
303,625,2012-07-17,2012,149,farm,Guatemala,antigua,1500.0,caturra,washed / wet,washed,green,2012,2012.0,11.0,0,0,0,0.0,275.0,69.0,Asociacion Nacional Del Café,82.67
304,555,2012-07-20,2012,510,farm,Vietnam,don duong,1040.0,other,natural / dry,natural,,2012,2012.0,,0,0,17,0.0,1.0,2.0,Specialty Coffee Association,82.92
305,1156,2012-07-23,2012,738,farm,Guatemala,antigua,,bourbon,washed / wet,washed,green,2012,2012.0,,0,0,4,0.0,275.0,69.0,Specialty Coffee Association,79.75
306,791,2012-07-23,2012,510,farm,Vietnam,don duong,1040.0,other,natural / dry,natural,green,2012,2012.0,12.0,0,0,2,0.0,1.0,2.0,Specialty Coffee Association,82.08
307,697,2012-07-25,2012,348,farm,Mexico,zihuatanejo de azueta,1300.0,typica,washed / wet,washed,green,2012,2012.0,11.0,0,0,0,0.0,74.0,1.0,AMECAFE,82.42
308,1136,2012-07-26,2012,743,farm,Mexico,jaltenango,1100.0,catuai,washed / wet,washed,green,2012,2012.0,11.0,0,0,3,0.0,250.0,1.0,AMECAFE,79.92
309,1219,2012-07-26,2012,184,farm,Mexico,tapachula,1400.0,typica,washed / wet,washed,green,2012,2012.0,13.0,0,0,1,0.0,250.0,1.0,AMECAFE,78.58
310,1224,2012-07-26,2012,432,farm,Mexico,los angeles,1200.0,caturra,washed / wet,washed,green,2012,2012.0,13.0,0,1,3,0.0,20.0,1.0,AMECAFE,78.5
311,1245,2012-07-26,2012,645,farm,Mexico,petatlan,1248.0,typica,washed / wet,washed,green,2012,2012.0,11.0,0,0,3,0.0,50.0,1.0,AMECAFE,77.92
312,1264,2012-07-26,2012,753,company,Mexico,coatepec,1100.0,typica,washed / wet,washed,green,2012,2012.0,13.0,0,0,14,0.0,10.0,1.0,AMECAFE,76.42
313,23,2012-07-26,2012,251,farm,Mexico,xalapa,1320.0,other,washed / wet,washed,green,2012,2012.0,13.0,0,0,0,0.0,14.0,1.0,AMECAFE,87.17
314,290,2012-07-26,2012,518,farm,Mexico,petatlan,1218.0,bourbon,natural / dry,natural,green,2012,2012.0,10.0,0,0,2,0.0,20.0,1.0,AMECAFE,83.83
315,519,2012-07-26,2012,765,farm,Mexico,coatepec,750.0,typica,washed / wet,washed,green,2012,2012.0,11.0,0,0,20,0.0,15.0,1.0,AMECAFE,83.0
316,520,2012-07-26,2012,539,farm,Mexico,atoyac de alvarez,1200.0,typica,semi-washed / semi-pulped,semi_washed,green,2012,2012.0,11.0,0,0,7,0.0,20.0,1.0,AMECAFE,83.0
317,554,2012-07-26,2012,320,farm,Mexico,petatlan,1248.0,typica,natural / dry,natural,green,2012,2012.0,10.0,0,0,4,0.0,15.0,1.0,AMECAFE,82.92
318,668,2012-07-26,2012,4,farm,Mexico,zapotitlan de mendez,1100.0,typica,washed / wet,washed,green,2012,2012.0,12.0,0,0,5,0.0,10.0,1.0,AMECAFE,82.5
319,790,2012-07-26,2012,274,farm,Mexico,coatepec,1250.0,typica,washed / wet,washed,green,2012,2012.0,11.0,0,0,11,0.0,15.0,1.0,AMECAFE,82.08
320,928,2012-07-26,2012,290,farm,Mexico,tapachula,1250.0,bourbon,washed / wet,washed,green,2012,2012.0,13.0,0,0,5,0.0,50.0,80.0,AMECAFE,81.5
321,929,2012-07-26,2012,337,farm,Mexico,atoyac de alvarez,1100.0,typica,natural / dry,natural,green,2012,2012.0,11.0,0,0,3,0.0,15.0,1.0,AMECAFE,81.5
322,971,2012-07-26,2012,467,farm,Mexico,motozintla,1500.0,typica,washed / wet,washed,green,2012,2012.0,12.0,0,0,1,0.0,250.0,1.0,AMECAFE,81.25
323,187,2012-07-27,2012,182,farm,Mexico,tuxtla gutierrez,1700.0,typica,washed / wet,washed,blue_green,2012,2012.0,12.0,0,0,1,0.0,100.0,80.0,AMECAFE,84.33
324,892,2012-07-27,2012,617,farm,Mexico,veracruz,1200.0,bourbon,washed / wet,washed,green,2012,2012.0,11.0,0,0,2,0.0,275.0,1.0,AMECAFE,81.67
325,1173,2012-08-01,2012,17,company,Mexico,la concordia,1550.0,caturra,washed / wet,washed,green,2012,2012.0,12.0,0,1,20,0.0,250.0,1.0,AMECAFE,79.5
326,1210,2012-08-01,2012,43,farm,Mexico,veracruz,1320.0,typica,washed / wet,washed,green,2012,2012.0,14.0,0,0,0,0.0,20.0,1.0,AMECAFE,78.75
327,1283,2012-08-01,2012,288,farm,Mexico,coatepec,1250.0,typica,washed / wet,washed,green,2012,2012.0,12.0,0,0,30,0.0,20.0,1.0,AMECAFE,74.83
328,1291,2012-08-01,2012,297,farm,Mexico,coatepec,1250.0,typica,washed / wet,washed,green,2012,2012.0,12.0,0,0,19,0.0,20.0,1.0,AMECAFE,73.83
329,432,2012-08-01,2012,325,farm,Mexico,veracruz,,mundo novo,washed / wet,washed,green,2012,2012.0,13.0,0,0,7,0.0,10.0,1.0,AMECAFE,83.25
330,927,2012-08-01,2012,3,farm,Mexico,manzanillo,1000.0,typica,semi-washed / semi-pulped,semi_washed,green,2012,2012.0,11.0,0,0,6,0.0,20.0,1.0,AMECAFE,81.5
331,774,2012-08-02,2012,378,company,Guatemala,oriente,1350.0,caturra,washed / wet,washed,,2012,2012.0,12.0,0,0,2,0.0,250.0,1.0,Specialty Coffee Association,82.17
332,240,2012-08-17,2012,233,company,Ethiopia,ethiopia sidamo,1800.0,other,natural / dry,natural,,2012,2012.0,9.0,0,0,15,0.0,100.0,60.0,Specialty Coffee Association,84.08
333,624,2012-08-17,2012,295,company,El Salvador,,,other,washed / wet,washed,,2012,2012.0,,0,0,17,0.0,288.0,1.0,Specialty Coffee Association,82.67
334,984,2012-08-20,2012,66,farm,Guatemala,oriente,1450.0,caturra,washed / wet,washed,green,2012,2012.0,12.0,0,0,4,0.0,250.0,1.0,Specialty Coffee Association,81.17
335,750,2012-08-21,2012,295,company,El Salvador,,,other,washed / wet,washed,green,2012,2012.0,,0,2,5,0.0,288.0,1.0,Specialty Coffee Association,82.25
336,330,2012-08-23,2012,66,farm,Guatemala,oriente,1450.0,caturra,natural / dry,natural,green,2012,2012.0,11.0,0,0,1,0.0,250.0,1.0,Specialty Coffee Association,83.67
337,1034,2012-08-29,2012,690,farm,Mexico,oaxaca,1100.0,typica,washed / wet,washed,green,2012,2012.0,11.0,0,0,3,0.0,30.0,1.0,AMECAFE,80.83
338,413,2012-08-29,2012,24,farm,Burundi,kayanza,1880.0,bourbon,washed / wet,washed,,2012,2012.0,,0,0,5,0.0,220.0,60.0,Specialty Coffee Association,83.33
339,926,2012-08-29,2012,552,farm,Mexico,temaxcalapa,1100.0,catuai,washed / wet,washed,green,2012,2012.0,12.0,0,0,10,0.0,30.0,1.0,AMECAFE,81.5
340,1033,2012-08-30,2012,767,farm,Mexico,motozintla,1210.0,catuai,semi-washed / semi-pulped,semi_washed,green,2012,2012.0,13.0,0,0,7,0.0,15.0,1.0,AMECAFE,80.83
341,1086,2012-08-30,2012,17,company,Mexico,la concordia,1550.0,caturra,washed / wet,washed,green,2012,2012.0,12.0,0,4,16,0.0,250.0,1.0,AMECAFE,80.42
342,1092,2012-08-30,2012,581,company,Mexico,chilon,940.0,typica,semi-washed / semi-pulped,semi_washed,green,2012,2012.0,11.0,0,0,21,0.0,10.0,1.0,AMECAFE,80.33
343,1122,2012-08-30,2012,757,region,Mexico,escuitla,1300.0,typica,washed / wet,washed,green,2012,2012.0,14.0,0,1,17,0.0,10.0,1.0,AMECAFE,80.08
344,1135,2012-08-30,2012,7,farm,Mexico,veracruz,1100.0,bourbon,washed / wet,washed,,2012,2012.0,,0,0,0,0.0,82.0,1.0,AMECAFE,79.92
345,1167,2012-08-30,2012,17,company,Mexico,la concordia,1550.0,caturra,washed / wet,washed,green,2012,2012.0,13.0,0,0,5,0.0,250.0,1.0,AMECAFE,79.58
346,1191,2012-08-30,2012,441,farm,Mexico,yajalon,1450.0,typica,washed / wet,washed,green,2012,2012.0,14.0,0,0,34,0.0,53.0,1.0,AMECAFE,79.17
347,1204,2012-08-30,2012,389,farm,Mexico,amatenango de la frontera,1200.0,typica,washed / wet,washed,green,2012,2012.0,14.0,0,7,38,0.0,120.0,1.0,AMECAFE,79.0
348,369,2012-08-30,2012,581,company,Mexico,chilon,940.0,typica,semi-washed / semi-pulped,semi_washed,green,2012,2012.0,11.0,0,0,12,0.0,10.0,1.0,AMECAFE,83.5
349,574,2012-08-30,2012,17,company,Mexico,la concordia,1550.0,caturra,washed / wet,washed,green,2012,2012.0,12.0,0,2,10,0.0,250.0,1.0,AMECAFE,82.83
350,749,2012-08-30,2012,72,farm,Mexico,juquila,1250.0,typica,washed / wet,washed,green,2012,2012.0,12.0,0,0,13,0.0,40.0,1.0,AMECAFE,82.25
351,789,2012-08-30,2012,768,company,Mexico,tapachula,1800.0,typica,washed / wet,washed,green,2012,2012.0,13.0,0,3,13,0.0,250.0,1.0,AMECAFE,82.08
352,867,2012-08-30,2012,17,company,Mexico,la concordia,1550.0,caturra,washed / wet,washed,green,2012,2012.0,12.0,0,10,14,0.0,250.0,1.0,AMECAFE,81.75
353,891,2012-08-30,2012,569,mill,Mexico,yajalon,1400.0,bourbon,washed / wet,washed,green,2012,2012.0,11.0,0,0,4,0.0,15.0,1.0,AMECAFE,81.67
354,925,2012-08-30,2012,253,farm,Mexico,amatenango de la frontera,1600.0,typica,washed / wet,washed,green,2012,2012.0,12.0,0,0,5,0.0,250.0,1.0,AMECAFE,81.5
355,960,2012-08-30,2012,768,company,Mexico,tapachula,1800.0,typica,washed / wet,washed,green,2012,2012.0,13.0,0,4,13,0.0,250.0,1.0,AMECAFE,81.33
356,983,2012-08-30,2012,768,company,Mexico,tapachula,1800.0,typica,natural / dry,natural,green,2012,2012.0,13.0,0,3,7,0.0,250.0,1.0,AMECAFE,81.17
357,996,2012-08-30,2012,82,company,Mexico,santa maria sitepec,1642.0,typica,washed / wet,washed,green,2012,2012.0,11.0,0,0,5,0.0,40.0,1.0,AMECAFE,81.08
358,348,2012-08-31,2012,706,company,Colombia,huila,1775.0,caturra,washed / wet,washed,green,2012,2012.0,11.0,0,0,3,0.0,275.0,70.0,Almacafé,83.58
359,368,2012-08-31,2012,272,farm,Mexico,xalapa,1170.0,bourbon,natural / dry,natural,green,2012,2012.0,13.0,0,0,14,0.0,10.0,1.0,AMECAFE,83.5
360,468,2012-08-31,2012,706,company,Colombia,huila,1775.0,caturra,washed / wet,washed,green,2012,2012.0,11.0,0,1,2,0.0,275.0,70.0,Almacafé,83.17
361,696,2012-08-31,2012,742,farm,Mexico,xalapa,1170.0,caturra,washed / wet,washed,green,2012,2012.0,13.0,0,0,1,0.0,10.0,1.0,AMECAFE,82.42
362,729,2012-08-31,2012,115,farm,Mexico,veracruz,1170.0,bourbon,washed / wet,washed,green,2012,2012.0,13.0,0,0,9,0.0,10.0,1.0,AMECAFE,82.33
363,748,2012-08-31,2012,827,farm,Mexico,veracruz,1170.0,bourbon,washed / wet,washed,green,2012,2012.0,13.0,0,0,3,0.0,10.0,1.0,AMECAFE,82.25
364,855,2012-08-31,2012,298,farm,Mexico,veracruz,1500.0,bourbon,washed / wet,washed,green,2012,2012.0,12.0,0,0,2,0.0,302.0,1.0,AMECAFE,81.83
365,1047,2012-09-04,2012,144,farm,Mexico,oaxaca,1200.0,typica,washed / wet,washed,green,2012,2012.0,11.0,0,0,2,0.0,30.0,1.0,AMECAFE,80.75
366,1085,2012-09-04,2012,462,farm,Mexico,pochutla,1050.0,typica,washed / wet,washed,green,2012,2012.0,10.0,0,2,4,0.0,250.0,1.0,AMECAFE,80.42
367,1129,2012-09-04,2012,819,farm,Mexico,san miguel del puerto,1100.0,other,washed / wet,washed,green,2012,2012.0,11.0,0,0,12,0.0,256.0,1.0,AMECAFE,80.0
368,1155,2012-09-04,2012,330,farm,Mexico,pochutla,1050.0,typica,washed / wet,washed,green,2012,2012.0,10.0,0,1,22,0.0,250.0,1.0,AMECAFE,79.75
369,239,2012-09-04,2012,176,farm,Mexico,santo domingo cacalotepec,1480.0,typica,washed / wet,washed,green,2012,2012.0,11.0,0,1,10,0.0,300.0,1.0,AMECAFE,84.08
370,650,2012-09-04,2012,72,farm,Mexico,oaxaca,1250.0,typica,washed / wet,washed,green,2012,2012.0,10.0,0,0,6,0.0,50.0,1.0,AMECAFE,82.58
371,866,2012-09-04,2012,336,farm,Mexico,oaxaca,1100.0,typica,washed / wet,washed,green,2012,2012.0,11.0,0,0,1,0.0,42.0,1.0,AMECAFE,81.75
372,995,2012-09-04,2012,464,farm,Mexico,santo reyes nopala,1300.0,typica,washed / wet,washed,green,2012,2012.0,12.0,0,0,2,0.0,30.0,1.0,AMECAFE,81.08
373,1112,2012-09-10,2012,755,farm,Mexico,veracruz,1000.0,bourbon,washed / wet,washed,green,2012,2012.0,12.0,0,0,12,0.0,15.0,1.0,AMECAFE,80.17
374,1128,2012-09-10,2012,817,farm,Mexico,coatepec,1250.0,typica,washed / wet,washed,green,2012,2012.0,12.0,0,0,9,0.0,20.0,1.0,AMECAFE,80.0
375,1181,2012-09-10,2012,268,farm,Mexico,zentla,750.0,typica,washed / wet,washed,green,2012,2012.0,14.0,0,0,19,0.0,50.0,1.0,AMECAFE,79.33
376,1184,2012-09-10,2012,755,farm,Mexico,veracruz,1000.0,bourbon,washed / wet,washed,green,2012,2012.0,13.0,0,0,10,0.0,12.0,1.0,AMECAFE,79.25
377,1271,2012-09-10,2012,646,farm,Mexico,tepictla,1250.0,bourbon,washed / wet,washed,green,2012,2012.0,12.0,0,0,12,0.0,20.0,1.0,AMECAFE,76.08
378,1289,2012-09-10,2012,558,farm,Mexico,chocaman veracruz,1140.0,typica,washed / wet,washed,green,2012,2012.0,14.0,0,3,11,0.0,20.0,1.0,AMECAFE,74.33
379,1300,2012-09-10,2012,718,farm,Mexico,tlatlauquitepec,800.0,mundo novo,washed / wet,washed,green,2012,2012.0,12.0,0,4,24,0.0,10.0,1.0,AMECAFE,71.08
380,695,2012-09-10,2012,356,farm,Mexico,coatepec,1300.0,typica,washed / wet,washed,green,2012,2012.0,14.0,0,0,9,0.0,35.0,1.0,AMECAFE,82.42
381,788,2012-09-10,2012,356,farm,Mexico,coatepec,1300.0,typica,washed / wet,washed,green,2012,2012.0,13.0,0,0,7,0.0,35.0,1.0,AMECAFE,82.08
382,865,2012-09-10,2012,646,farm,Mexico,tepictla,1250.0,mundo novo,washed / wet,washed,green,2012,2012.0,13.0,0,0,23,0.0,100.0,1.0,AMECAFE,81.75
383,1012,2012-09-11,2012,584,farm,Mexico,motozintla chiapas,950.0,other,washed / wet,washed,green,2012,2012.0,12.0,0,0,12,0.0,10.0,1.0,AMECAFE,81.0
384,1134,2012-09-11,2012,650,farm,Mexico,motozintla chiapas,1100.0,other,washed / wet,washed,green,2012,2012.0,12.0,0,1,7,0.0,10.0,1.0,AMECAFE,79.92
385,1177,2012-09-11,2012,423,farm,Mexico,xicotepec de juarez,800.0,typica,washed / wet,washed,green,2012,2012.0,13.0,0,0,30,0.0,10.0,1.0,AMECAFE,79.42
386,1230,2012-09-11,2012,769,farm,Mexico,xochitonalco huautla,1300.0,typica,natural / dry,natural,green,2012,2012.0,13.0,0,31,47,0.0,100.0,1.0,AMECAFE,78.33
387,1242,2012-09-11,2012,783,farm,Mexico,motozintla chiapas,850.0,other,washed / wet,washed,green,2012,2012.0,12.0,0,2,7,0.0,10.0,1.0,AMECAFE,78.0
388,1259,2012-09-11,2012,622,farm,Mexico,motozintla chiapas,1200.0,other,washed / wet,washed,green,2012,2012.0,12.0,0,1,11,0.0,10.0,1.0,AMECAFE,77.17
389,207,2012-09-11,2012,371,farm,Mexico,san pedro cotzilnam,1450.0,typica,semi-washed / semi-pulped,semi_washed,green,2012,2012.0,12.0,0,0,1,0.0,10.0,1.0,AMECAFE,84.25
390,694,2012-09-11,2012,212,farm,Mexico,san pedro cotzilnam,1400.0,typica,semi-washed / semi-pulped,semi_washed,green,2012,2012.0,13.0,0,0,2,0.0,20.0,1.0,AMECAFE,82.42
391,890,2012-09-11,2012,407,farm,Mexico,tuxtla gutierrez,1650.0,typica,washed / wet,washed,green,2012,2012.0,13.0,0,1,13,0.0,100.0,1.0,AMECAFE,81.67
392,1196,2012-09-12,2012,140,farm,Mexico,tlacuilotepec,1100.0,mundo novo,washed / wet,washed,green,2012,2012.0,11.0,0,0,45,0.0,10.0,1.0,AMECAFE,79.08
393,1203,2012-09-12,2012,229,farm,Mexico,zaragoza itundujia,1550.0,typica,semi-washed / semi-pulped,semi_washed,green,2012,2012.0,14.0,0,3,17,0.0,16.0,1.0,AMECAFE,79.0
394,1277,2012-09-12,2012,269,farm,Mexico,tlacuilotepec,1100.0,pacamara,washed / wet,washed,green,2012,2012.0,11.0,0,4,20,0.0,10.0,1.0,AMECAFE,75.5
395,1278,2012-09-12,2012,841,farm,Mexico,ocosingo,1200.0,mundo novo,washed / wet,washed,green,2012,2012.0,11.0,0,0,20,0.0,100.0,1.0,AMECAFE,75.17
396,1111,2012-09-13,2012,544,farm,Mexico,zaragoza itundujia,1550.0,typica,washed / wet,washed,green,2012,2012.0,14.0,0,1,2,0.0,15.0,1.0,AMECAFE,80.17
397,1190,2012-09-13,2012,296,farm,Mexico,zaragoza itundujia,1550.0,typica,washed / wet,washed,,2012,2012.0,14.0,0,0,8,0.0,10.0,1.0,AMECAFE,79.17
398,1195,2012-09-13,2012,291,farm,Mexico,zaragoza itundujia,1500.0,typica,washed / wet,washed,,2012,2012.0,16.0,0,0,2,0.0,13.0,1.0,AMECAFE,79.08
399,1256,2012-09-13,2012,308,farm,Mexico,zaragoza itundujia,1500.0,typica,washed / wet,washed,,2012,2012.0,15.0,0,4,5,0.0,10.0,1.0,AMECAFE,77.33
400,1282,2012-09-13,2012,535,farm,Mexico,zaragoza itundujia,1500.0,typica,washed / wet,washed,,2012,2012.0,17.0,0,0,6,0.0,14.0,1.0,AMECAFE,74.92
401,1121,2012-09-14,2012,536,farm,Mexico,zaragoza itundujia,1300.0,typica,washed / wet,washed,,2012,2012.0,15.0,0,0,0,0.0,13.0,1.0,AMECAFE,80.08
402,1154,2012-09-14,2012,837,farm,Mexico,zaragoza itundujia,1450.0,bourbon,washed / wet,washed,,2012,2012.0,14.0,0,0,0,0.0,12.0,1.0,AMECAFE,79.75
403,1223,2012-09-14,2012,528,farm,Mexico,villa talea de castro,1400.0,typica,washed / wet,washed,,2012,2012.0,12.0,0,0,14,0.0,10.0,1.0,AMECAFE,78.5
404,1226,2012-09-14,2012,308,farm,Mexico,zaragoza itundujia,1500.0,typica,washed / wet,washed,,2012,2012.0,14.0,0,0,0,0.0,10.0,1.0,AMECAFE,78.42
405,994,2012-09-14,2012,675,farm,Mexico,san fernando,1650.0,typica,washed / wet,washed,,2012,2012.0,13.0,0,5,16,0.0,100.0,1.0,AMECAFE,81.08
406,138,2012-09-16,2012,107,company,Kenya,nyeri,2000.0,sl28,washed / wet,washed,blue_green,2012,2012.0,11.0,0,0,0,0.0,235.0,60.0,Specialty Coffee Institute of Asia,84.67
407,166,2012-09-16,2012,311,farm,Kenya,nyeri,2000.0,sl28,washed / wet,washed,blue_green,2012,2012.0,11.0,0,0,0,0.0,235.0,60.0,Specialty Coffee Institute of Asia,84.5
408,1079,2012-09-17,2012,837,farm,Mexico,zaragoza itundujia,1450.0,typica,washed / wet,washed,,2012,2012.0,15.0,0,0,1,0.0,18.0,1.0,AMECAFE,80.5
409,1166,2012-09-17,2012,50,farm,Mexico,tepetzingo,1250.0,typica,washed / wet,washed,,2012,2012.0,12.0,0,0,11,0.0,50.0,1.0,AMECAFE,79.58
410,1180,2012-09-17,2012,284,farm,Mexico,zentla,950.0,typica,washed / wet,washed,,2012,2012.0,14.0,0,0,23,0.0,30.0,1.0,AMECAFE,79.33
411,1202,2012-09-17,2012,635,company,Mexico,iliatenco guerrero,1300.0,mundo novo,natural / dry,natural,,2012,2012.0,12.0,0,0,12,0.0,14.0,1.0,AMECAFE,79.0
412,1206,2012-09-17,2012,525,farm,Mexico,zaragoza itundujia,1400.0,typica,washed / wet,washed,,2012,2012.0,16.0,0,0,0,0.0,14.0,1.0,AMECAFE,78.92
413,1214,2012-09-17,2012,172,farm,Mexico,yecuatla,1150.0,caturra,washed / wet,washed,,2012,2012.0,13.0,0,0,2,0.0,20.0,1.0,AMECAFE,78.67
414,1252,2012-09-17,2012,759,farm,Mexico,coatepec,1300.0,typica,washed / wet,washed,green,2012,2012.0,13.0,0,0,3,0.0,23.0,1.0,AMECAFE,77.5
415,1269,2012-09-17,2012,638,farm,Mexico,zaragoza itundujia,1400.0,typica,washed / wet,washed,,2012,2012.0,16.0,0,2,4,0.0,11.0,1.0,AMECAFE,76.17
416,1290,2012-09-17,2012,774,farm,Mexico,xalapa,1200.0,typica,washed / wet,washed,,2012,2012.0,13.0,0,0,27,0.0,100.0,1.0,AMECAFE,74.0
417,1307,2012-09-17,2012,56,farm,Mexico,juchique de ferrer,900.0,bourbon,washed / wet,washed,,2012,2012.0,11.0,0,0,20,0.0,12.0,1.0,AMECAFE,68.33
418,7,2012-09-17,2012,619,company,Peru,,,other,washed / wet,washed,blue_green,2012,2012.0,11.0,0,0,0,0.0,100.0,69.0,Specialty Coffee Institute of Asia,88.75
419,747,2012-09-19,2012,149,farm,Guatemala,antigua,1391.0,bourbon,washed / wet,washed,green,2012,2012.0,11.0,0,0,2,0.0,275.0,69.0,Asociacion Nacional Del Café,82.25
420,1105,2012-09-27,2012,362,farm,Mexico,calnali hidalgo,808.0,caturra,washed / wet,washed,,2012,2012.0,11.0,0,2,8,0.0,10.0,1.0,AMECAFE,80.25
421,1163,2012-09-27,2012,257,farm,Mexico,tenango de doria hidalgo,975.0,caturra,washed / wet,washed,,2012,2012.0,13.0,0,5,6,0.0,10.0,1.0,AMECAFE,79.67
422,310,2012-09-27,2012,805,farm,Mexico,huazalingo hidalgo,700.0,caturra,natural / dry,natural,,2012,2012.0,13.0,0,5,5,0.0,10.0,1.0,AMECAFE,83.75
423,466,2012-09-27,2012,533,farm,Mexico,tlanchinol hidalgo,532.0,typica,washed / wet,washed,,2012,2012.0,12.0,0,3,8,0.0,10.0,1.0,AMECAFE,83.17
424,467,2012-09-27,2012,810,farm,Mexico,san bartolo tutotepec,1089.0,pacamara,washed / wet,washed,,2012,2012.0,14.0,0,0,10,0.0,10.0,1.0,AMECAFE,83.17
425,667,2012-09-27,2012,68,farm,Mexico,san bartolo tutotepec,1679.0,typica,washed / wet,washed,,2012,2012.0,13.0,0,0,10,0.0,10.0,1.0,AMECAFE,82.5
426,728,2012-09-27,2012,707,farm,Mexico,jaltocan hidalgo,441.0,typica,natural / dry,natural,,2012,2012.0,15.0,0,1,8,0.0,10.0,1.0,AMECAFE,82.33
427,746,2012-09-27,2012,339,farm,Mexico,calnali hidalgo,533.0,bourbon,washed / wet,washed,,2012,2012.0,16.0,0,3,8,0.0,10.0,1.0,AMECAFE,82.25
428,773,2012-09-27,2012,771,farm,Mexico,san bartolo tutotepec,1144.0,typica,washed / wet,washed,,2012,2012.0,15.0,0,1,9,0.0,10.0,1.0,AMECAFE,82.17
429,828,2012-09-27,2012,754,farm,Mexico,chapulhuacan hidalgo,981.0,typica,semi-washed / semi-pulped,semi_washed,,2012,2012.0,13.0,0,2,7,0.0,10.0,1.0,AMECAFE,81.92
430,829,2012-09-27,2012,75,farm,Mexico,huazalingo hidalgo,690.0,mundo novo,washed / wet,washed,,2012,2012.0,14.0,0,2,8,0.0,10.0,1.0,AMECAFE,81.92
431,864,2012-09-27,2012,472,farm,Mexico,tenango de doria hidalgo,774.0,bourbon,washed / wet,washed,,2012,2012.0,13.0,0,2,9,0.0,10.0,1.0,AMECAFE,81.75
432,946,2012-09-27,2012,391,farm,Mexico,huazalingo hidalgo,763.0,caturra,washed / wet,washed,,2012,2012.0,13.0,0,1,8,0.0,10.0,1.0,AMECAFE,81.42
433,727,2012-10-05,2012,306,farm,Guatemala,jalapa,1753.0,bourbon,washed / wet,washed,green,2012,2012.0,11.0,0,0,3,0.0,275.0,69.0,Asociacion Nacional Del Café,82.33
434,889,2012-10-05,2012,306,farm,Guatemala,jalapa,1753.0,bourbon,washed / wet,washed,green,2012,2012.0,11.0,0,0,4,0.0,275.0,69.0,Asociacion Nacional Del Café,81.67
435,1110,2012-10-09,2012,817,farm,Mexico,coatepec,1250.0,typica,washed / wet,washed,green,2012,2012.0,11.0,0,0,2,0.0,20.0,1.0,AMECAFE,80.17
436,156,2012-10-09,2012,249,company,Colombia,huila,1800.0,caturra,washed / wet,washed,green,2012,2012.0,11.0,0,0,6,0.0,250.0,70.0,Almacafé,84.58
437,648,2012-10-09,2012,249,company,Colombia,huila,1750.0,caturra,washed / wet,washed,,2012,2012.0,11.0,0,0,3,0.0,250.0,70.0,Almacafé,82.58
438,726,2012-10-09,2012,55,company,Costa Rica,central valley,,,washed / wet,washed,green,2012,2012.0,,0,0,14,0.0,275.0,1.0,Specialty Coffee Association,82.33
439,229,2012-10-19,2012,249,company,Colombia,huila,1750.0,caturra,washed / wet,washed,green,2012,2012.0,,0,0,2,0.0,250.0,70.0,Almacafé,84.17
440,518,2012-10-23,2012,706,company,Colombia,huila,1775.0,caturra,washed / wet,washed,green,2012,2012.0,11.0,0,1,2,0.0,275.0,70.0,Almacafé,83.0
441,62,2012-10-25,2012,734,farm,Papua New Guinea,eastern highlands province,1700.0,,washed / wet,washed,blue_green,2012,2012.0,12.0,0,0,1,0.0,7.0,60.0,Specialty Coffee Association,85.75
442,329,2012-11-22,2012,249,company,Colombia,huila,1750.0,caturra,washed / wet,washed,green,2012,2012.0,11.0,0,0,1,0.0,250.0,70.0,Almacafé,83.67
443,787,2012-11-26,2012,231,company,United States (Hawaii),kona,,hawaiian kona,natural / dry,natural,blue_green,2012,2012.0,11.0,0,0,0,0.0,4.0,45.359237,Specialty Coffee Association,82.08
444,87,2012-11-26,2012,158,company,Indonesia,lintong,1325.0,sumatra lintong,semi-washed / semi-pulped,semi_washed,green,2012,2012.0,11.0,0,0,3,0.0,54.0,60.0,Specialty Coffee Association,85.17
445,111,2012-12-11,2012,289,company,Colombia,huila,1775.0,caturra,washed / wet,washed,green,2012,2012.0,11.0,0,0,3,0.0,50.0,70.0,Almacafé,84.92
446,206,2012-12-11,2012,231,company,United States (Hawaii),kona,,hawaiian kona,natural / dry,natural,blue_green,2012,2012.0,11.0,0,1,1,0.0,7.0,45.359237,Specialty Coffee Association,84.25
447,1201,2013-01-08,2013,678,company,Peru,san ignacio,1400.0,typica,washed / wet,washed,,2012,2012.0,,0,0,4,0.0,280.0,69.0,Specialty Coffee Association,79.0
448,1104,2013-01-09,2013,378,company,Guatemala,oriente,1400.0,caturra,washed / wet,washed,green,2012,2012.0,11.0,0,1,12,0.0,250.0,1.0,Specialty Coffee Association,80.25
449,64,2013-01-12,2013,147,farm,El Salvador,ataco apaneca ilamatepec mountain range,1350.0,bourbon,semi-washed / semi-pulped,semi_washed,,2012,2012.0,11.0,0,0,0,0.0,19.0,1.0,Specialty Coffee Association,85.58
450,177,2013-01-21,2013,231,company,United States (Hawaii),kona,,hawaiian kona,natural / dry,natural,blue_green,2012,2012.0,11.0,0,0,1,0.0,5.0,45.359237,Specialty Coffee Association,84.42
451,553,2013-01-22,2013,146,company,Colombia,antioquia,1450.0,other,washed / wet,washed,green,2013,2013.0,11.0,0,3,5,0.0,250.0,70.0,Almacafé,82.92
452,623,2013-01-22,2013,249,company,Colombia,huila,1800.0,caturra,washed / wet,washed,blue_green,2012,2012.0,11.0,0,0,3,0.0,250.0,70.0,Almacafé,82.67
453,238,2013-01-24,2013,231,company,United States (Hawaii),kona,,hawaiian kona,natural / dry,natural,green,2012,2012.0,11.0,0,1,9,0.0,14.0,45.359237,Specialty Coffee Association,84.08
454,391,2013-01-24,2013,231,company,United States (Hawaii),kona,,hawaiian kona,natural / dry,natural,green,2012,2012.0,,0,0,2,0.0,13.0,45.359237,Specialty Coffee Association,83.42
455,412,2013-01-24,2013,231,company,United States (Hawaii),kona,,hawaiian kona,natural / dry,natural,blue_green,2012,2012.0,10.0,0,0,4,0.0,7.0,45.359237,Specialty Coffee Association,83.33
456,1253,2013-01-29,2013,331,farm,Guatemala,oriente,1311.0,bourbon,washed / wet,washed,green,2013,2013.0,11.0,0,2,15,0.0,250.0,1.0,Asociacion Nacional Del Café,77.42
457,1229,2013-02-07,2013,789,farm,Guatemala,oriente,1311.0,bourbon,washed / wet,washed,green,2012,2012.0,11.0,0,1,4,0.0,250.0,1.0,Asociacion Nacional Del Café,78.33
458,1249,2013-02-07,2013,789,farm,Guatemala,oriente,1311.0,bourbon,washed / wet,washed,green,2013,2013.0,11.0,0,0,2,0.0,250.0,1.0,Asociacion Nacional Del Café,77.83
459,1078,2013-02-13,2013,523,farm,Guatemala,huehuetenango,1859.0,bourbon,washed / wet,washed,green,2013,2013.0,12.0,0,1,1,0.0,250.0,1.0,Asociacion Nacional Del Café,80.5
460,165,2013-02-26,2013,789,farm,Guatemala,oriente,1311.0,bourbon,washed / wet,washed,green,2013,2013.0,11.0,0,0,2,0.0,250.0,69.0,Asociacion Nacional Del Café,84.5
461,328,2013-02-26,2013,789,farm,Guatemala,oriente,1311.0,bourbon,washed / wet,washed,green,2013,2013.0,11.0,0,0,2,0.0,250.0,69.0,Asociacion Nacional Del Café,83.67
462,411,2013-02-26,2013,789,farm,Guatemala,oriente,1311.0,bourbon,washed / wet,washed,green,2013,2013.0,11.0,0,0,3,0.0,250.0,69.0,Asociacion Nacional Del Café,83.33
463,666,2013-02-26,2013,331,farm,Guatemala,oriente,1311.0,bourbon,washed / wet,washed,green,2013,2013.0,11.0,0,0,0,0.0,250.0,69.0,Asociacion Nacional Del Café,82.5
464,70,2013-02-26,2013,130,farm,Guatemala,huehuetenango,1731.0,bourbon,washed / wet,washed,green,2013,2013.0,11.0,0,0,1,0.0,250.0,69.0,Asociacion Nacional Del Café,85.5
465,854,2013-02-26,2013,789,farm,Guatemala,oriente,1311.0,bourbon,washed / wet,washed,green,2013,2013.0,11.0,0,0,1,0.0,250.0,69.0,Asociacion Nacional Del Café,81.83
466,649,2013-02-27,2013,249,company,Colombia,huila,1750.0,caturra,washed / wet,washed,green,2013,2013.0,11.0,0,0,0,0.0,250.0,70.0,Almacafé,82.58
467,853,2013-03-02,2013,532,farm,Brazil,sul de minas,1250.0,bourbon,semi-washed / semi-pulped,semi_washed,blue_green,2012,2012.0,12.0,0,0,0,0.0,300.0,60.0,Specialty Coffee Association,81.83
468,970,2013-03-04,2013,149,farm,Guatemala,sacatepequez guatemala,1524.0,caturra,washed / wet,washed,green,2013,2013.0,11.0,0,0,4,0.0,250.0,69.0,Asociacion Nacional Del Café,81.25
469,852,2013-03-06,2013,231,company,United States (Hawaii),kona,,hawaiian kona,natural / dry,natural,blue_green,2012,2012.0,,0,1,1,0.0,19.0,45.359237,Specialty Coffee Association,81.83
470,254,2013-03-08,2013,365,company,Kenya,blend,1200.0,sl34,washed / wet,washed,green,2012,2012.0,,0,0,2,0.0,300.0,60.0,Kenya Coffee Traders Association,84.0
471,489,2013-03-08,2013,231,company,United States (Hawaii),kona,,hawaiian kona,natural / dry,natural,blue_green,2012,2012.0,10.0,0,0,0,0.0,6.0,45.359237,Specialty Coffee Association,83.08
472,552,2013-03-11,2013,377,farm,Guatemala,huehuetenango,1707.0,bourbon,washed / wet,washed,green,2013,2013.0,11.0,0,0,2,0.0,250.0,69.0,Asociacion Nacional Del Café,82.92
473,924,2013-03-11,2013,332,farm,Mexico,la concordia chiapas,1150.0,typica,washed / wet,washed,green,2013,2013.0,13.0,0,0,2,0.0,250.0,1.0,AMECAFE,81.5
474,1205,2013-03-12,2013,547,farm,Mexico,la concordia chiapas,1300.0,typica,washed / wet,washed,green,2013,2013.0,12.0,0,0,8,0.0,250.0,1.0,AMECAFE,78.92
475,155,2013-03-12,2013,435,farm,Costa Rica,tres rios,1575.0,bourbon,semi-washed / semi-pulped,semi_washed,blue_green,2012,2012.0,12.0,0,0,2,0.0,1.0,1.0,Specialty Coffee Association,84.58
476,81,2013-03-12,2013,365,company,Kenya,central kenya,1200.0,sl34,washed / wet,washed,green,2012,2012.0,,0,0,6,0.0,300.0,60.0,Kenya Coffee Traders Association,85.33
477,516,2013-03-15,2013,412,company,Colombia,pitalito,1000.0,caturra,natural / dry,natural,green,2013,2013.0,11.0,0,0,1,0.0,250.0,70.0,Almacafé,83.0
478,725,2013-03-15,2013,547,farm,Mexico,la concordia chiapas,1300.0,typica,washed / wet,washed,green,2013,2013.0,12.0,0,0,3,0.0,250.0,1.0,AMECAFE,82.33
479,228,2013-03-18,2013,777,farm,El Salvador,apaneca,1500.0,bourbon,natural / dry,natural,blue_green,2013,2013.0,11.0,0,0,2,0.0,275.0,2.0,Specialty Coffee Association,84.17
480,63,2013-03-18,2013,777,farm,El Salvador,apaneca,1500.0,bourbon,washed / wet,washed,blue_green,2013,2013.0,10.0,0,0,3,0.0,275.0,2.0,Specialty Coffee Association,85.58
481,551,2013-03-20,2013,249,company,Colombia,huila,1750.0,caturra,natural / dry,natural,blue_green,2013,2013.0,,0,0,0,0.0,250.0,70.0,Almacafé,82.92
482,772,2013-03-20,2013,249,company,Colombia,huila,1750.0,caturra,washed / wet,washed,blue_green,2013,2013.0,,0,0,1,0.0,250.0,70.0,Almacafé,82.17
483,431,2013-03-21,2013,231,company,United States (Hawaii),kona,,hawaiian kona,natural / dry,natural,blue_green,2012,2012.0,11.0,0,0,4,0.0,11.0,45.359237,Specialty Coffee Association,83.25
484,1133,2013-03-29,2013,470,company,Mexico,chiapas,1300.0,bourbon,washed / wet,washed,green,2013,2013.0,12.0,0,0,4,0.0,400.0,1.0,AMECAFE,79.92
485,1151,2013-03-29,2013,294,farm,Mexico,la concordia chiapas,1400.0,typica,washed / wet,washed,green,2013,2013.0,12.0,0,0,4,0.0,310.0,1.0,AMECAFE,79.75
486,1152,2013-03-29,2013,181,farm,Mexico,chiapas,1022.0,bourbon,washed / wet,washed,green,2013,2013.0,13.0,0,0,4,0.0,275.0,1.0,AMECAFE,79.75
487,1153,2013-03-29,2013,470,company,Mexico,chiapas,1300.0,bourbon,washed / wet,washed,green,2013,2013.0,12.0,0,0,5,0.0,380.0,1.0,AMECAFE,79.75
488,1162,2013-03-29,2013,294,farm,Mexico,la concordia chiapas,1400.0,typica,washed / wet,washed,green,2013,2013.0,12.0,0,0,6,0.0,310.0,1.0,AMECAFE,79.67
489,1286,2013-03-29,2013,491,farm,Mexico,chiapas,1700.0,typica,washed / wet,washed,green,2013,2013.0,12.0,0,0,7,0.0,275.0,1.0,AMECAFE,74.67
490,430,2013-03-29,2013,470,company,Mexico,chiapas,1300.0,bourbon,washed / wet,washed,green,2013,2013.0,12.0,0,0,6,0.0,200.0,1.0,AMECAFE,83.25
491,465,2013-03-29,2013,357,farm,Mexico,chiapas,1500.0,typica,washed / wet,washed,green,2013,2013.0,11.0,0,0,2,0.0,45.0,1.0,AMECAFE,83.17
492,600,2013-03-29,2013,499,farm,Mexico,chiapas,1550.0,typica,washed / wet,washed,green,2013,2013.0,12.0,0,0,6,0.0,32.0,1.0,AMECAFE,82.75
493,693,2013-03-29,2013,514,farm,Mexico,chiapas,1560.0,typica,washed / wet,washed,green,2013,2013.0,12.0,0,0,5,0.0,49.0,1.0,AMECAFE,82.42
494,827,2013-03-29,2013,470,company,Mexico,chiapas,1300.0,bourbon,washed / wet,washed,green,2013,2013.0,12.0,0,0,6,0.0,450.0,1.0,AMECAFE,81.92
495,888,2013-03-29,2013,294,farm,Mexico,la concordia chiapas,1400.0,typica,washed / wet,washed,green,2013,2013.0,12.0,0,0,6,0.0,310.0,1.0,AMECAFE,81.67
496,905,2013-03-29,2013,294,farm,Mexico,la concordia chiapas,1400.0,typica,washed / wet,washed,green,2013,2013.0,12.0,0,0,9,0.0,310.0,1.0,AMECAFE,81.58
497,647,2013-04-16,2013,249,company,Colombia,huila,1750.0,caturra,washed / wet,washed,blue_green,2013,2013.0,11.0,0,0,3,0.0,250.0,70.0,Almacafé,82.58
498,102,2013-04-19,2013,801,farm,Kenya,central kenya,1580.0,sl34,washed / wet,washed,green,2012,2012.0,,0,0,5,0.0,38.0,60.0,Kenya Coffee Traders Association,85.0
499,573,2013-04-19,2013,448,farm,"Tanzania, United Republic Of",arusha,1400.0,arusha,washed / wet,washed,green,2012,2012.0,11.0,0,0,5,0.0,300.0,2.0,Tanzanian Coffee Board,82.83
500,80,2013-04-19,2013,497,company,Kenya,central kenya,1600.0,sl34,washed / wet,washed,green,2012,2012.0,,0,0,2,0.0,20.0,60.0,Kenya Coffee Traders Association,85.33
501,289,2013-04-26,2013,306,farm,Guatemala,oriente,1311.0,bourbon,washed / wet,washed,green,2013,2013.0,11.0,0,0,3,0.0,250.0,69.0,Asociacion Nacional Del Café,83.83
502,366,2013-04-26,2013,249,company,Colombia,huila,1750.0,caturra,washed / wet,washed,green,2013,2013.0,,0,1,1,0.0,250.0,70.0,Almacafé,83.5
503,410,2013-04-26,2013,412,company,Colombia,pitalito,1000.0,caturra,natural / dry,natural,green,2013,2013.0,11.0,0,0,1,0.0,250.0,70.0,Almacafé,83.33
504,464,2013-04-26,2013,306,farm,Guatemala,oriente,1311.0,bourbon,washed / wet,washed,green,2013,2013.0,11.0,0,0,2,0.0,250.0,69.0,Asociacion Nacional Del Café,83.17
505,517,2013-04-26,2013,412,company,Colombia,pitalito,1000.0,caturra,natural / dry,natural,green,2013,2013.0,,0,0,2,0.0,250.0,70.0,Almacafé,83.0
506,1241,2013-04-29,2013,551,farm,Guatemala,oriente,1311.0,bourbon,washed / wet,washed,green,2013,2013.0,11.0,0,3,9,0.0,250.0,69.0,Asociacion Nacional Del Café,78.0
507,309,2013-05-02,2013,231,company,United States (Hawaii),kona,,hawaiian kona,natural / dry,natural,blue_green,2013,2013.0,,0,0,0,0.0,12.0,45.359237,Specialty Coffee Association,83.75
508,1251,2013-05-03,2013,231,company,United States (Hawaii),kona,,,natural / dry,natural,green,2013,2013.0,12.0,0,1,5,0.0,5.0,45.359237,Specialty Coffee Association,77.58
509,745,2013-05-03,2013,231,company,United States (Hawaii),kona,,hawaiian kona,natural / dry,natural,blue_green,2013,2013.0,,0,0,1,0.0,6.0,45.359237,Specialty Coffee Association,82.25
510,665,2013-05-07,2013,249,company,Colombia,huila,1750.0,caturra,washed / wet,washed,green,2013,2013.0,11.0,0,0,1,0.0,250.0,70.0,Almacafé,82.5
511,227,2013-05-09,2013,551,farm,Guatemala,oriente,1311.0,bourbon,washed / wet,washed,green,2013,2013.0,11.0,0,0,4,0.0,250.0,69.0,Asociacion Nacional Del Café,84.17
512,572,2013-05-10,2013,289,company,Colombia,huila,1775.0,caturra,washed / wet,washed,green,2013,2013.0,11.0,0,0,3,0.0,125.0,70.0,Almacafé,82.83
513,1273,2013-05-14,2013,390,company,Philippines,benguet mountain province,1000.0,,washed / wet,washed,green,2012,2012.0,12.0,0,0,2,0.0,1.0,2.0,Specialty Coffee Association,75.83
514,226,2013-05-20,2013,696,farm,Brazil,minas gerais br,1038.5,mundo novo,natural / dry,natural,green,2012,2012.0,11.0,0,0,3,0.0,1.0,2.0,Specialty Coffee Association,84.17
515,808,2013-05-21,2013,696,farm,Brazil,minas gerais br,1038.5,mundo novo,natural / dry,natural,blue_green,2012,2012.0,11.0,0,0,0,0.0,1.0,2.0,Specialty Coffee Association,82.0
516,367,2013-05-24,2013,249,company,Colombia,huila,1750.0,caturra,washed / wet,washed,green,2013,2013.0,11.0,0,0,2,,250.0,70.0,Almacafé,83.5
517,1011,2013-05-29,2013,594,farm,Thailand,thailand,800.0,,washed / wet,washed,green,2012,2012.0,,0,0,3,0.0,2.0,1.0,Specialty Coffee Association,81.0
518,1127,2013-05-29,2013,594,farm,Thailand,thailand,800.0,,washed / wet,washed,green,2012,2012.0,,0,0,0,0.0,2.0,1.0,Specialty Coffee Association,80.0
519,1250,2013-05-29,2013,259,farm,Taiwan,dongshan dist tainan city 臺南市東山區,775.0,typica,washed / wet,washed,blue_green,2012,2012.0,11.0,0,0,0,0.0,100.0,10.0,Specialty Coffee Association,77.67
520,771,2013-05-29,2013,23,farm,Taiwan,dongshan dist tainan city 臺南市東山區,800.0,typica,washed / wet,washed,green,2012,2012.0,,0,0,0,0.0,80.0,10.0,Specialty Coffee Association,82.17
521,327,2013-05-30,2013,551,farm,Guatemala,oriente,1311.0,bourbon,washed / wet,washed,green,2013,2013.0,12.0,0,1,3,0.0,250.0,69.0,Asociacion Nacional Del Café,83.67
522,664,2013-05-30,2013,551,farm,Guatemala,oriente,1311.0,bourbon,washed / wet,washed,green,2013,2013.0,12.0,0,0,4,0.0,250.0,69.0,Asociacion Nacional Del Café,82.5
523,692,2013-05-31,2013,289,company,Colombia,huila,1775.0,caturra,washed / wet,washed,green,2013,2013.0,11.0,0,0,9,0.0,250.0,70.0,Almacafé,82.42
524,807,2013-06-03,2013,100,farm,Taiwan,dongshan dist tainan city 臺南市東山區,650.0,typica,washed / wet,washed,blue_green,2012,2012.0,12.0,0,0,0,0.0,30.0,10.0,Specialty Coffee Association,82.0
525,1057,2013-06-05,2013,667,farm,Guatemala,san lucas toliman solola,1550.0,bourbon,washed / wet,washed,green,2013,2013.0,12.0,0,0,5,0.0,250.0,69.0,Asociacion Nacional Del Café,80.67
526,1091,2013-06-06,2013,670,farm,Guatemala,oriente,1311.0,bourbon,washed / wet,washed,green,2013,2013.0,11.0,0,1,4,0.0,250.0,69.0,Asociacion Nacional Del Café,80.33
527,1288,2013-06-06,2013,670,farm,Guatemala,oriente,1311.0,bourbon,washed / wet,washed,green,2013,2013.0,11.0,0,1,1,0.0,250.0,69.0,Asociacion Nacional Del Café,74.33
528,1172,2013-06-21,2013,249,company,Colombia,cundinamarca,1550.0,caturra,washed / wet,washed,green,2013,2013.0,,0,0,2,0.0,250.0,70.0,Almacafé,79.5
529,253,2013-06-21,2013,249,company,Colombia,cauca,1700.0,caturra,washed / wet,washed,green,2013,2013.0,11.0,0,0,1,0.0,270.0,70.0,Almacafé,84.0
530,724,2013-06-21,2013,249,company,Colombia,huila,1750.0,caturra,washed / wet,washed,green,2013,2013.0,,0,0,1,0.0,250.0,70.0,Almacafé,82.33
531,1161,2013-06-27,2013,670,farm,Guatemala,oriente,1311.0,bourbon,washed / wet,washed,green,2013,2013.0,11.0,0,0,6,0.0,250.0,69.0,Asociacion Nacional Del Café,79.67
532,1209,2013-07-05,2013,670,farm,Guatemala,oriente,1311.0,bourbon,washed / wet,washed,green,2013,2013.0,12.0,0,1,8,0.0,250.0,69.0,Asociacion Nacional Del Café,78.75
533,176,2013-07-10,2013,555,farm,Taiwan,mountain ali taiwan,1200.0,typica,washed / wet,washed,blue_green,2012,2012.0,11.0,0,0,0,0.0,2.0,2.0,Specialty Coffee Association,84.42
534,390,2013-07-16,2013,537,farm,Guatemala,oriente,1311.0,bourbon,washed / wet,washed,green,2013,2013.0,11.0,0,0,0,0.0,250.0,69.0,Asociacion Nacional Del Café,83.42
535,723,2013-07-16,2013,537,farm,Guatemala,oriente,1311.0,bourbon,washed / wet,washed,green,2013,2013.0,12.0,0,2,1,0.0,250.0,69.0,Asociacion Nacional Del Café,82.33
536,904,2013-07-16,2013,537,farm,Guatemala,oriente,1311.0,bourbon,washed / wet,washed,green,2013,2013.0,12.0,0,0,1,0.0,250.0,69.0,Asociacion Nacional Del Café,81.58
537,154,2013-07-17,2013,249,company,Colombia,huila,1750.0,caturra,washed / wet,washed,green,2012,2012.0,,0,0,2,0.0,250.0,70.0,Almacafé,84.58
538,186,2013-07-19,2013,249,company,Colombia,huila,1800.0,caturra,washed / wet,washed,green,2013,2013.0,,0,0,0,0.0,275.0,70.0,Almacafé,84.33
539,744,2013-07-19,2013,380,farm,Mexico,veracruz,1338.0,mundo novo,washed / wet,washed,blue_green,2013,2013.0,12.0,0,0,4,0.0,150.0,1.0,AMECAFE,82.25
540,851,2013-07-19,2013,289,company,Colombia,huila,1775.0,caturra,washed / wet,washed,blue_green,2013,2013.0,,0,2,0,0.0,50.0,70.0,Almacafé,81.83
541,55,2013-07-26,2013,249,company,Colombia,huila,1800.0,caturra,washed / wet,washed,blue_green,2013,2013.0,,0,1,0,0.0,275.0,70.0,Almacafé,85.92
542,429,2013-08-02,2013,249,company,Colombia,huila,1750.0,caturra,washed / wet,washed,green,2013,2013.0,11.0,0,0,1,0.0,275.0,70.0,Almacafé,83.25
543,515,2013-08-02,2013,249,company,Colombia,huila,1750.0,caturra,washed / wet,washed,green,2013,2013.0,,0,0,0,0.0,250.0,70.0,Almacafé,83.0
544,1109,2013-08-07,2013,537,farm,Guatemala,oriente,1311.0,bourbon,washed / wet,washed,green,2013,2013.0,11.0,0,0,2,0.0,250.0,69.0,Asociacion Nacional Del Café,80.17
545,326,2013-08-16,2013,289,company,Colombia,huila,1900.0,caturra,washed / wet,washed,green,2013,2013.0,,0,0,1,0.0,250.0,70.0,Almacafé,83.67
546,308,2013-08-27,2013,249,company,Colombia,huila,1750.0,caturra,washed / wet,washed,green,2013,2013.0,11.0,0,0,3,0.0,275.0,70.0,Almacafé,83.75
547,153,2013-08-30,2013,223,company,Kenya,,,sl28,washed / wet,washed,green,2013,2013.0,,0,0,0,0.0,11.0,,Kenya Coffee Traders Association,84.58
548,25,2013-09-03,2013,177,region,Ethiopia,sidamo,,,natural / dry,natural,blue_green,2013,2013.0,11.0,0,0,1,0.0,100.0,60.0,Specialty Coffee Institute of Asia,87.08
549,288,2013-09-03,2013,249,company,Colombia,huila,1750.0,caturra,washed / wet,washed,green,2013,2013.0,11.0,0,0,1,0.0,250.0,70.0,Almacafé,83.83
550,32,2013-09-03,2013,553,country,"Tanzania, United Republic Of",,,,natural / dry,natural,blue_green,2012,2012.0,11.0,0,0,1,0.0,100.0,60.0,Specialty Coffee Institute of Asia,86.5
551,6,2013-09-03,2013,359,country,Brazil,,,,natural / dry,natural,blue_green,2013,2013.0,11.0,0,0,1,0.0,100.0,30.0,Specialty Coffee Institute of Asia,88.83
552,622,2013-09-03,2013,654,farm,Thailand,phahi,1500.0,caturra,washed / wet,washed,blue_green,2013,2013.0,11.0,0,0,0,0.0,300.0,60.0,Specialty Coffee Institute of Asia,82.67
553,1240,2013-09-05,2013,781,farm,China,yunnan,1200.0,typica,washed / wet,washed,green,2013,2013.0,10.0,0,0,28,0.0,16.0,2.0,Specialty Coffee Association,78.0
554,550,2013-09-13,2013,289,company,Colombia,huila,1900.0,caturra,washed / wet,washed,green,2013,2013.0,11.0,0,0,2,0.0,250.0,70.0,Almacafé,82.92
555,806,2013-09-13,2013,289,company,Colombia,huila,1900.0,caturra,washed / wet,washed,green,2013,2013.0,11.0,0,0,1,0.0,250.0,70.0,Almacafé,82.0
556,1150,2013-09-23,2013,478,company,Costa Rica,brunca,1100.0,catuai,washed / wet,washed,blue_green,2013,2013.0,10.0,0,0,4,0.0,275.0,2.0,Specialty Coffee Association,79.75
557,205,2013-10-01,2013,249,company,Colombia,cauca,1700.0,caturra,washed / wet,washed,green,2013,2013.0,11.0,0,0,2,0.0,250.0,70.0,Almacafé,84.25
558,409,2013-10-03,2013,157,farm,Haiti,thiotte haiti,1280.0,typica,washed / wet,washed,green,2012,2012.0,11.0,0,0,4,0.0,2.0,1.81436948,Specialty Coffee Association,83.33
559,287,2013-10-04,2013,625,farm,Ecuador,province of manabi ecuador,800.0,,natural / dry,natural,blue_green,2013,2013.0,9.0,0,0,0,0.0,1.0,2.2679618500000003,Specialty Coffee Association,83.83
560,945,2013-10-07,2013,551,farm,Guatemala,oriente,1311.0,bourbon,washed / wet,washed,green,2013,2013.0,12.0,0,0,4,0.0,250.0,69.0,Asociacion Nacional Del Café,81.42
561,325,2013-10-29,2013,249,company,Colombia,huila supremo,1750.0,caturra,washed / wet,washed,green,2013,2013.0,,0,0,3,0.0,250.0,70.0,Almacafé,83.67
562,903,2013-11-06,2013,647,farm,Brazil,south of minas,1260.0,yellow bourbon,washed / wet,washed,blue_green,2013/2014,2013.0,12.0,0,0,3,0.0,300.0,60.0,NUCOFFEE,81.58
563,225,2013-11-07,2013,223,company,Kenya,kenya,1500.0,sl28,washed / wet,washed,green,2013,2013.0,8.0,0,0,0,0.0,300.0,,Kenya Coffee Traders Association,84.17
564,514,2013-11-07,2013,289,company,Colombia,huila,1775.0,caturra,washed / wet,washed,green,2013,2013.0,11.0,0,1,1,0.0,120.0,70.0,Almacafé,83.0
565,307,2013-11-22,2013,249,company,Colombia,huila,1750.0,caturra,washed / wet,washed,blue_green,2013,2013.0,,0,0,1,0.0,250.0,70.0,Almacafé,83.75
566,152,2013-12-06,2013,289,company,Colombia,huila,1750.0,caturra,washed / wet,washed,,2013,2013.0,,0,0,5,0.0,75.0,70.0,Almacafé,84.58
567,1189,2013-12-10,2013,141,company,Costa Rica,san rafael,,catuai,washed / wet,washed,,2012,2012.0,10.0,0,5,20,0.0,1.0,2.0,Specialty Coffee Association,79.17
568,646,2013-12-10,2013,34,company,Guatemala,,,,natural / dry,natural,blue_green,2012,2012.0,,0,0,4,0.0,1.0,2.0,Specialty Coffee Association,82.58
569,691,2013-12-10,2013,563,company,Honduras,,,,washed / wet,washed,,2012,2012.0,9.0,0,0,2,0.0,1.0,2.0,Specialty Coffee Association,82.42
570,690,2013-12-12,2013,744,farm,Mexico,veracruz,1170.0,bourbon,washed / wet,washed,green,2013,2013.0,12.0,0,0,0,0.0,10.0,1.0,AMECAFE,82.42
571,137,2013-12-20,2013,664,company,Colombia,santander,1550.0,caturra,washed / wet,washed,green,2013,2013.0,,0,0,0,0.0,250.0,70.0,Almacafé,84.67
572,151,2013-12-20,2013,664,company,Colombia,santander,1550.0,caturra,washed / wet,washed,,2013,2013.0,,0,0,0,0.0,250.0,70.0,Almacafé,84.58
573,1010,2013-12-26,2013,726,farm,Taiwan,nantou,1100.0,typica,semi-washed / semi-pulped,semi_washed,green,2013/2014,2013.0,11.0,0,0,0,0.0,10.0,30.0,Blossom Valley International,81.0
574,1026,2013-12-26,2013,84,farm,Taiwan,taichung taiping 台中市太平區,900.0,typica,washed / wet,washed,,2013/2014,2013.0,11.0,0,0,0,0.0,35.0,30.0,Blossom Valley International,80.92
575,1027,2013-12-26,2013,264,farm,Taiwan,nantou,688.0,typica,other,other,green,2013/2014,2013.0,11.0,0,0,0,0.0,5.0,30.0,Blossom Valley International,80.92
576,1028,2013-12-26,2013,449,farm,Taiwan,new taipei zhonghe 新北市中和區,300.0,typica,washed / wet,washed,green,2013/2014,2013.0,11.0,0,0,0,0.0,10.0,20.0,Blossom Valley International,80.92
577,1084,2013-12-26,2013,585,farm,Taiwan,nantou,600.0,typica,washed / wet,washed,green,2013/2014,2013.0,11.0,0,0,0,0.0,10.0,30.0,Blossom Valley International,80.42
578,1090,2013-12-26,2013,323,farm,Taiwan,taichung xinshe 台中市新社區,600.0,yellow bourbon,other,other,green,2013/2014,2013.0,11.0,0,0,0,0.0,10.0,30.0,Blossom Valley International,80.33
579,1103,2013-12-26,2013,796,farm,Taiwan,chiayi fanlu嘉義縣番路鄉,700.0,typica,semi-washed / semi-pulped,semi_washed,green,2013/2014,2013.0,11.0,0,0,0,0.0,5.0,30.0,Blossom Valley International,80.25
580,1118,2013-12-26,2013,524,farm,Taiwan,yunlin gukeng he bao 雲林縣古坑鄉荷苞村,200.0,typica,other,other,green,2013/2014,2013.0,11.0,0,0,0,0.0,10.0,30.0,Blossom Valley International,80.08
581,1119,2013-12-26,2013,486,farm,Taiwan,changhua baguashan 彰化市八卦山,150.0,typica,washed / wet,washed,green,2013/2014,2013.0,11.0,0,0,0,0.0,10.0,30.0,Blossom Valley International,80.08
582,1120,2013-12-26,2013,701,farm,Taiwan,changhua baguashan 彰化市八卦山,250.0,typica,semi-washed / semi-pulped,semi_washed,green,2013/2014,2013.0,11.0,0,0,0,0.0,10.0,30.0,Blossom Valley International,80.08
583,1126,2013-12-26,2013,326,farm,Taiwan,changhua baguashan 彰化市八卦山,250.0,typica,washed / wet,washed,green,2013/2014,2013.0,11.0,0,0,0,0.0,10.0,30.0,Blossom Valley International,80.0
584,136,2013-12-26,2013,697,farm,Taiwan,taichung xinshe 台中市新社區,1000.0,typica,washed / wet,washed,green,2013/2014,2013.0,11.0,0,0,0,0.0,10.0,30.0,Blossom Valley International,84.67
585,286,2013-12-26,2013,611,farm,Brazil,south of minas,1260.0,yellow bourbon,natural / dry,natural,green,2013/2014,2013.0,10.0,0,0,0,0.0,320.0,60.0,Specialty Coffee Association,83.83
586,347,2013-12-26,2013,63,farm,Taiwan,taichung xinshe 台中市新社區,1000.0,typica,other,other,green,2013/2014,2013.0,11.0,0,0,0,0.0,10.0,30.0,Blossom Valley International,83.58
587,488,2013-12-26,2013,327,farm,Taiwan,chiayi alishan 嘉義縣阿里山鄉,1300.0,typica,other,other,,2013/2014,2013.0,11.0,0,0,0,0.0,50.0,30.0,Blossom Valley International,83.08
588,621,2013-12-26,2013,806,farm,Taiwan,chiayi alishan 嘉義縣阿里山鄉,1240.0,typica,washed / wet,washed,green,2013/2014,2013.0,11.0,0,0,0,0.0,10.0,30.0,Blossom Valley International,82.67
589,721,2013-12-26,2013,691,farm,Taiwan,changhua baguashan 彰化市八卦山,200.0,typica,semi-washed / semi-pulped,semi_washed,green,2013/2014,2013.0,11.0,0,0,0,0.0,10.0,20.0,Blossom Valley International,82.33
590,722,2013-12-26,2013,820,farm,Taiwan,taichung xinshe 台中市新社區,600.0,typica,washed / wet,washed,green,2013/2014,2013.0,11.0,0,0,0,0.0,10.0,30.0,Blossom Valley International,82.33
591,743,2013-12-26,2013,316,farm,Taiwan,nantou,650.0,typica,washed / wet,washed,green,2013/2014,2013.0,11.0,0,0,0,0.0,35.0,60.0,Blossom Valley International,82.25
592,770,2013-12-26,2013,85,farm,Taiwan,yunlin 雲林縣石壁,1200.0,typica,other,other,green,2013/2014,2013.0,11.0,0,0,0,0.0,60.0,60.0,Blossom Valley International,82.17
593,826,2013-12-26,2013,63,farm,Taiwan,taichung xinshe 台中市新社區,1000.0,typica,other,other,green,2012,2012.0,11.0,0,0,0,0.0,35.0,30.0,Blossom Valley International,81.92
594,886,2013-12-26,2013,693,farm,Taiwan,changhua baguashan 彰化市八卦山,150.0,typica,semi-washed / semi-pulped,semi_washed,green,2013/2014,2013.0,11.0,0,0,0,0.0,10.0,30.0,Blossom Valley International,81.67
595,887,2013-12-26,2013,271,farm,Taiwan,nantou,750.0,typica,washed / wet,washed,green,2013/2014,2013.0,11.0,0,0,0,0.0,10.0,30.0,Blossom Valley International,81.67
596,923,2013-12-26,2013,686,farm,Taiwan,taichung xinshe 台中市新社區,600.0,typica,other,other,green,2013/2014,2013.0,11.0,0,0,0,0.0,5.0,30.0,Blossom Valley International,81.5
597,969,2013-12-26,2013,273,farm,Taiwan,nantou,650.0,typica,semi-washed / semi-pulped,semi_washed,green,2013/2014,2013.0,11.0,0,0,0,0.0,10.0,30.0,Blossom Valley International,81.25
598,549,2013-12-27,2013,748,company,Guatemala,,,,washed / wet,washed,green,2012,2012.0,10.0,0,0,4,0.0,1.0,2.0,Specialty Coffee Association,82.92
599,689,2013-12-30,2013,611,farm,Brazil,south of minas,1260.0,yellow bourbon,natural / dry,natural,green,2013/2014,2013.0,,0,0,0,0.0,220.0,60.0,Specialty Coffee Association,82.42
600,252,2014-01-02,2014,611,farm,Brazil,south of minas,1260.0,yellow bourbon,natural / dry,natural,green,2013/2014,2013.0,10.0,0,0,0,0.0,320.0,60.0,Specialty Coffee Association,84.0
601,513,2014-01-02,2014,532,farm,Brazil,sul de minas,1250.0,yellow bourbon,semi-washed / semi-pulped,semi_washed,blue_green,2013/2014,2013.0,12.0,0,0,4,0.0,250.0,2.0,Specialty Coffee Association,83.0
602,135,2014-01-03,2014,425,company,Costa Rica,,,,washed / wet,washed,green,2012,2012.0,,0,1,10,0.0,1.0,2.0,Specialty Coffee Association,84.67
603,1102,2014-01-08,2014,624,company,Colombia,,,typica,washed / wet,washed,green,2012,2012.0,10.0,0,0,0,0.0,1.0,2.0,Specialty Coffee Association,80.25
604,1179,2014-01-08,2014,95,company,Colombia,pereira,1200.0,caturra,washed / wet,washed,green,2013,2013.0,,0,0,3,0.0,250.0,1.36077711,Specialty Coffee Association,79.33
605,663,2014-01-14,2014,611,farm,Brazil,south of minas,1260.0,yellow bourbon,semi-washed / semi-pulped,semi_washed,blue_green,2013/2014,2013.0,11.0,0,0,0,0.0,69.0,60.0,Specialty Coffee Association,82.5
606,1083,2014-01-17,2014,657,farm,China,yunnan,1700.0,other,washed / wet,washed,green,2013,2013.0,17.0,0,0,14,0.0,1.0,2.0,Specialty Coffee Association,80.42
607,1208,2014-01-17,2014,231,company,United States (Hawaii),kona,,,natural / dry,natural,green,2013,2013.0,12.0,0,5,8,0.0,11.0,0.90718474,Specialty Coffee Association,78.75
608,251,2014-01-17,2014,722,company,Ethiopia,sidamo,1550.0,other,natural / dry,natural,green,2013,2013.0,9.0,0,4,40,0.0,50.0,60.0,Specialty Coffee Association,84.0
609,271,2014-01-17,2014,664,company,Colombia,santander,1550.0,caturra,natural / dry,natural,green,2014,2014.0,12.0,0,0,3,0.0,250.0,70.0,Almacafé,83.92
610,825,2014-01-17,2014,509,company,Honduras,,,,washed / wet,washed,green,2012,2012.0,11.0,0,0,0,0.0,1.0,2.0,Specialty Coffee Association,81.92
611,86,2014-01-17,2014,664,company,Colombia,santander,1550.0,caturra,natural / dry,natural,green,2014,2014.0,12.0,0,0,2,0.0,250.0,70.0,Almacafé,85.25
612,1268,2014-01-20,2014,231,company,United States (Hawaii),kona,,,natural / dry,natural,blue_green,2013,2013.0,,0,0,3,0.0,6.0,45.359237,Specialty Coffee Association,76.17
613,571,2014-01-20,2014,490,company,Colombia,santander,1800.0,typica,natural / dry,natural,green,2013,2013.0,,0,4,4,0.0,40.0,1.0,Almacafé,82.83
614,408,2014-01-21,2014,678,company,Peru,,,,washed / wet,washed,green,2013,2013.0,12.0,0,0,5,0.0,280.0,2.2679618500000003,Specialty Coffee Association,83.33
615,599,2014-01-21,2014,95,company,Colombia,antioquia,1300.0,caturra,washed / wet,washed,green,2013,2013.0,10.0,0,0,2,0.0,250.0,1.0,Specialty Coffee Association of Costa Rica,82.75
616,688,2014-01-21,2014,678,company,Peru,peru,,,washed / wet,washed,green,2013,2013.0,,0,0,3,0.0,320.0,2.2679618500000003,Specialty Coffee Association,82.42
617,720,2014-01-21,2014,95,company,Colombia,antioquia,1300.0,caturra,washed / wet,washed,green,2013,2013.0,10.0,0,0,2,0.0,250.0,3.0,Specialty Coffee Association of Costa Rica,82.33
618,61,2014-01-22,2014,678,company,Peru,cajamarca,,,washed / wet,washed,green,2013,2013.0,10.0,0,4,6,0.0,280.0,2.2679618500000003,Specialty Coffee Association,85.75
619,959,2014-01-22,2014,731,farm,Honduras,san marcos,1450.0,catuai,washed / wet,washed,green,2014,2014.0,12.0,0,0,3,0.0,275.0,1.0,Instituto Hondureño del Café,81.33
620,1149,2014-01-23,2014,678,company,Peru,huanuco,,,washed / wet,washed,green,2013,2013.0,12.0,0,1,2,0.0,320.0,2.2679618500000003,Specialty Coffee Association,79.75
621,306,2014-01-24,2014,146,company,Colombia,huila,1550.0,other,washed / wet,washed,green,2014,2014.0,,0,0,3,0.0,250.0,70.0,Almacafé,83.75
622,1258,2014-01-27,2014,231,company,United States (Hawaii),kona,,,natural / dry,natural,green,2013,2013.0,12.0,0,1,5,0.0,9.0,0.90718474,Specialty Coffee Association,77.25
623,1066,2014-01-28,2014,310,farm,Guatemala,huehuetenango,1384.0,bourbon,natural / dry,natural,green,2014,2014.0,11.0,0,0,5,0.0,275.0,69.0,Asociacion Nacional Del Café,80.58
624,463,2014-01-31,2014,815,company,"Tanzania, United Republic Of",kilimanjaro,1800.0,bourbon,washed / wet,washed,green,2014,2014.0,12.0,0,0,1,0.0,300.0,1.0,Tanzanian Coffee Board,83.17
625,1077,2014-02-04,2014,231,company,United States (Hawaii),kona,,hawaiian kona,natural / dry,natural,green,2013,2013.0,11.0,0,1,0,0.0,10.0,45.359237,Specialty Coffee Association,80.5
626,598,2014-02-04,2014,231,company,United States (Hawaii),kona,,hawaiian kona,natural / dry,natural,green,2013,2013.0,10.0,0,0,0,0.0,6.0,45.359237,Specialty Coffee Association,82.75
627,982,2014-02-04,2014,250,farm,Brazil,monte carmelo,,catuai,natural / dry,natural,green,2013,2013.0,11.0,0,0,3,0.0,300.0,1.0,NUCOFFEE,81.17
628,305,2014-02-05,2014,289,company,Colombia,huila,1775.0,caturra,washed / wet,washed,green,2014,2014.0,,0,0,5,0.0,100.0,70.0,Almacafé,83.75
629,597,2014-02-05,2014,231,company,United States (Hawaii),kona,,hawaiian kona,natural / dry,natural,blue_green,2013,2013.0,10.0,0,6,0,0.0,10.0,36.2873896,Specialty Coffee Association,82.75
630,49,2014-02-06,2014,201,farm,Kenya,kiambu,1860.0,sl28,washed / wet,washed,green,2013,2013.0,11.0,0,0,1,0.0,1.0,1.0,Specialty Coffee Association,86.0
631,1239,2014-02-07,2014,836,company,Guatemala,oriente,1219.0,other,washed / wet,washed,green,2014,2014.0,10.0,0,1,2,0.0,275.0,69.0,Asociacion Nacional Del Café,78.0
632,462,2014-02-07,2014,231,company,United States (Hawaii),kona,,hawaiian kona,natural / dry,natural,blue_green,2013,2013.0,11.0,0,0,0,0.0,6.0,45.359237,Specialty Coffee Association,83.17
633,407,2014-02-14,2014,167,company,Costa Rica,central valley,1200.0,catuai,washed / wet,washed,green,2013,2013.0,11.0,0,0,3,0.0,250.0,1.0,Specialty Coffee Association of Costa Rica,83.33
634,512,2014-02-14,2014,167,company,Costa Rica,central valley,1200.0,catuai,washed / wet,washed,green,2013,2013.0,11.0,0,0,3,0.0,250.0,1.0,Specialty Coffee Association of Costa Rica,83.0
635,389,2014-02-18,2014,149,farm,Guatemala,antigua,1500.0,caturra,washed / wet,washed,green,2014,2014.0,10.0,0,0,2,0.0,250.0,69.0,Asociacion Nacional Del Café,83.42
636,487,2014-02-19,2014,231,company,United States (Hawaii),kona,,hawaiian kona,natural / dry,natural,blue_green,2013,2013.0,12.0,0,0,8,0.0,16.0,45.359237,Specialty Coffee Association,83.08
637,1117,2014-02-25,2014,689,company,Nicaragua,,,,natural / dry,natural,green,2013,2013.0,10.0,0,0,4,0.0,1.0,2.2679618500000003,Specialty Coffee Association,80.08
638,406,2014-02-25,2014,231,company,United States (Hawaii),kona,,hawaiian kona,natural / dry,natural,blue_green,2014,2014.0,11.0,0,0,1,0.0,12.0,45.359237,Specialty Coffee Association,83.33
639,1228,2014-02-27,2014,836,company,Guatemala,oriente,1219.0,other,washed / wet,washed,green,2014,2014.0,10.0,0,0,2,0.0,275.0,69.0,Asociacion Nacional Del Café,78.33
640,324,2014-02-27,2014,582,farm,Guatemala,huehuetenango,1357.0,bourbon,washed / wet,washed,green,2014,2014.0,10.0,0,0,0,0.0,275.0,69.0,Asociacion Nacional Del Café,83.67
641,944,2014-02-27,2014,678,company,Peru,puno,,,washed / wet,washed,blue_green,2013,2013.0,10.0,0,1,5,0.0,280.0,2.2679618500000003,Specialty Coffee Association,81.42
642,1101,2014-03-03,2014,231,company,United States (Hawaii),kona,,hawaiian kona,natural / dry,natural,green,2014,2014.0,12.0,0,4,13,0.0,2.0,45.359237,Specialty Coffee Association,80.25
643,1296,2014-03-03,2014,624,company,Colombia,,,,natural / dry,natural,blue_green,2013,2013.0,,0,0,15,0.0,1.0,2.2679618500000003,Specialty Coffee Association,72.83
644,134,2014-03-05,2014,167,company,Costa Rica,west valley,1200.0,catuai,washed / wet,washed,green,2014,2014.0,11.0,0,0,4,0.0,275.0,1.0,Specialty Coffee Association of Costa Rica,84.67
645,428,2014-03-07,2014,149,farm,Guatemala,antigua,1500.0,caturra,washed / wet,washed,green,2014,2014.0,10.0,0,0,1,0.0,26.0,69.0,Asociacion Nacional Del Café,83.25
646,511,2014-03-07,2014,785,farm,Guatemala,antigua,1500.0,bourbon,washed / wet,washed,green,2014,2014.0,10.0,0,1,0,0.0,26.0,69.0,Asociacion Nacional Del Café,83.0
647,548,2014-03-07,2014,149,farm,Guatemala,antigua,1500.0,caturra,natural / dry,natural,green,2014,2014.0,10.0,0,0,2,0.0,26.0,69.0,Asociacion Nacional Del Café,82.92
648,1297,2014-03-10,2014,231,company,United States (Hawaii),kona,,hawaiian kona,natural / dry,natural,green,2014,2014.0,11.0,0,5,9,0.0,11.0,45.359237,Specialty Coffee Association,72.58
649,92,2014-03-10,2014,231,company,United States (Hawaii),kona,,hawaiian kona,natural / dry,natural,blue_green,2014,2014.0,11.0,0,2,2,0.0,12.0,45.359237,Specialty Coffee Association,85.08
650,1287,2014-03-13,2014,231,company,United States (Hawaii),kona,,hawaiian kona,natural / dry,natural,blue_green,2014,2014.0,,0,1,2,0.0,3.0,45.359237,Specialty Coffee Association,74.42
651,345,2014-03-13,2014,664,company,Colombia,santander,1550.0,caturra,washed / wet,washed,green,2014,2014.0,12.0,0,0,1,0.0,250.0,70.0,Almacafé,83.58
652,1238,2014-03-18,2014,231,company,United States (Hawaii),kona,,hawaiian kona,natural / dry,natural,green,2014,2014.0,12.0,0,2,3,0.0,5.0,45.359237,Specialty Coffee Association,78.0
653,1267,2014-03-18,2014,231,company,United States (Hawaii),kona,,hawaiian kona,natural / dry,natural,green,2014,2014.0,,0,0,0,0.0,2.0,45.359237,Specialty Coffee Association,76.25
654,1227,2014-03-19,2014,231,company,United States (Hawaii),kona,,hawaiian kona,natural / dry,natural,blue_green,2014,2014.0,10.0,0,0,0,0.0,5.0,45.359237,Specialty Coffee Association,78.33
655,48,2014-03-20,2014,335,farm,Colombia,tolima,1200.0,caturra,washed / wet,washed,green,2013,2013.0,12.0,0,1,1,0.0,1.0,2.0,Specialty Coffee Association,86.0
656,346,2014-03-21,2014,664,company,Colombia,santander,1550.0,caturra,washed / wet,washed,,2014,2014.0,,0,0,0,0.0,250.0,70.0,Almacafé,83.58
657,786,2014-03-21,2014,277,farm,Costa Rica,turrialba,,caturra,washed / wet,washed,green,2013,2013.0,11.0,0,0,2,0.0,150.0,69.0,Specialty Coffee Association of Costa Rica,82.08
658,150,2014-03-24,2014,515,farm,Guatemala,oriente,1219.0,bourbon,washed / wet,washed,green,2014,2014.0,9.0,0,0,0,0.0,250.0,69.0,Asociacion Nacional Del Café,84.58
659,570,2014-03-24,2014,149,farm,Guatemala,antigua,1500.0,bourbon,washed / wet,washed,green,2014,2014.0,10.0,0,0,4,0.0,250.0,69.0,Asociacion Nacional Del Café,82.83
660,461,2014-03-27,2014,209,farm,Guatemala,san marcos,1524.0,catuai,washed / wet,washed,green,2014,2014.0,9.0,0,0,1,0.0,200.0,69.0,Asociacion Nacional Del Café,83.17
661,1176,2014-03-31,2014,836,company,Guatemala,oriente,1219.0,other,washed / wet,washed,green,2014,2014.0,10.0,0,1,4,0.0,275.0,69.0,Asociacion Nacional Del Café,79.42
662,22,2014-04-02,2014,478,company,Costa Rica,san ramon,1300.0,caturra,washed / wet,washed,green,2014,2014.0,11.0,0,0,2,0.0,250.0,1.36077711,Specialty Coffee Association,87.17
663,719,2014-04-02,2014,473,company,Mexico,veracruz,,,washed / wet,washed,green,2014,2014.0,11.0,0,0,0,0.0,320.0,2.2679618500000003,Specialty Coffee Association,82.33
664,885,2014-04-02,2014,473,company,Mexico,veracruz,,,washed / wet,washed,green,2014,2014.0,,0,0,4,0.0,320.0,2.2679618500000003,Specialty Coffee Association,81.67
665,547,2014-04-03,2014,149,farm,Guatemala,antigua,1500.0,bourbon,washed / wet,washed,green,2014,2014.0,10.0,0,0,1,0.0,250.0,69.0,Asociacion Nacional Del Café,82.92
666,405,2014-04-07,2014,478,company,Costa Rica,san ramon,1300.0,caturra,washed / wet,washed,green,2014,2014.0,12.0,0,0,3,0.0,250.0,1.36077711,Specialty Coffee Association,83.33
667,1255,2014-04-08,2014,836,company,Guatemala,oriente,1219.0,other,washed / wet,washed,green,2014,2014.0,10.0,0,1,2,0.0,275.0,69.0,Asociacion Nacional Del Café,77.33
668,250,2014-04-08,2014,289,company,Colombia,huila,1775.0,caturra,washed / wet,washed,green,2014,2014.0,12.0,0,0,3,0.0,138.0,70.0,Almacafé,84.0
669,365,2014-04-08,2014,422,farm,Honduras,comayagua,1350.0,caturra,natural / dry,natural,green,2014/2015,2014.0,10.0,0,0,3,0.0,275.0,1.0,Instituto Hondureño del Café,83.5
670,460,2014-04-08,2014,422,farm,Honduras,comayagua,1350.0,caturra,natural / dry,natural,green,2014/2015,2014.0,11.0,0,0,3,0.0,275.0,1.0,Instituto Hondureño del Café,83.17
671,769,2014-04-10,2014,601,company,Mexico,la concordia chiapas,1400.0,other,washed / wet,washed,,2013,2013.0,10.0,0,1,1,0.0,2.0,2.0,Specialty Coffee Association,82.17
672,1046,2014-04-11,2014,478,company,Costa Rica,san ramon,1300.0,caturra,washed / wet,washed,green,2014,2014.0,11.0,0,0,0,0.0,250.0,1.36077711,Specialty Coffee Association,80.75
673,459,2014-04-12,2014,731,farm,Honduras,san marcos,1450.0,catuai,natural / dry,natural,green,2013,2013.0,10.0,0,0,5,0.0,275.0,1.0,Instituto Hondureño del Café,83.17
674,1056,2014-04-14,2014,664,company,Colombia,santander,1550.0,caturra,natural / dry,natural,,2014,2014.0,,0,0,1,0.0,250.0,70.0,Almacafé,80.67
675,662,2014-04-14,2014,469,farm,Mexico,chiapas,1600.0,other,washed / wet,washed,green,2013,2013.0,,0,0,1,0.0,2.0,2.0,Specialty Coffee Association,82.5
676,1076,2014-04-17,2014,683,farm,Brazil,mantiqueira de minas,1250.0,yellow bourbon,semi-washed / semi-pulped,semi_washed,,2013,2013.0,10.0,0,0,10,0.0,300.0,60.0,Specialty Coffee Association,80.5
677,645,2014-04-18,2014,473,company,Mexico,veracruz,,,washed / wet,washed,green,2014,2014.0,,0,0,11,0.0,320.0,2.2679618500000003,Specialty Coffee Association,82.58
678,1075,2014-04-23,2014,836,company,Guatemala,oriente,1219.0,other,washed / wet,washed,green,2014,2014.0,11.0,0,0,3,0.0,275.0,69.0,Asociacion Nacional Del Café,80.5
679,123,2014-04-25,2014,529,farm,Honduras,marcala,1450.0,catuai,washed / wet,washed,green,2014,2014.0,11.0,0,0,4,0.0,275.0,1.0,Instituto Hondureño del Café,84.75
680,1082,2014-04-26,2014,247,farm,El Salvador,department of ahuachapan municipality of apanecallamatepec mountain,1450.0,bourbon,washed / wet,washed,green,2013,2013.0,,0,0,1,0.0,2.0,2.0,Specialty Coffee Association,80.42
681,1200,2014-04-26,2014,416,company,Honduras,intibuca,1350.0,pacas,washed / wet,washed,green,2014,2014.0,11.0,0,0,12,0.0,275.0,2.0,Instituto Hondureño del Café,79.0
682,1213,2014-04-26,2014,657,farm,China,yunnan,1850.0,typica,washed / wet,washed,green,2013,2013.0,,0,0,5,0.0,1.0,2.0,Specialty Coffee Association,78.67
683,1222,2014-04-26,2014,828,company,Mexico,sierra chiapas,1600.0,bourbon,washed / wet,washed,green,2014,2014.0,,0,0,0,0.0,280.0,69.0,Specialty Coffee Association,78.5
684,1294,2014-04-26,2014,416,company,Honduras,intibuca,1350.0,pacas,washed / wet,washed,green,2014,2014.0,11.0,0,1,16,0.0,275.0,2.0,Instituto Hondureño del Café,73.42
685,850,2014-04-26,2014,321,company,Mexico,siltepec el triunfo chiapas mexico,1550.0,typica,washed / wet,washed,green,2014,2014.0,11.0,0,0,0,0.0,280.0,2.0,Specialty Coffee Association,81.83
686,884,2014-04-26,2014,495,farm,Costa Rica,tarrazu,1850.0,caturra,washed / wet,washed,green,2013,2013.0,11.0,0,0,3,0.0,275.0,69.0,Specialty Coffee Association of Costa Rica,81.67
687,1065,2014-04-30,2014,465,farm,Honduras,occidental,1400.0,caturra,washed / wet,washed,green,2014,2014.0,11.0,0,0,5,0.0,275.0,69.0,Instituto Hondureño del Café,80.58
688,805,2014-04-30,2014,465,farm,Honduras,occidental,1400.0,caturra,washed / wet,washed,green,2014,2014.0,11.0,0,0,5,0.0,275.0,69.0,Instituto Hondureño del Café,82.0
689,1125,2014-05-01,2014,321,company,Mexico,sierra fraylesca chiapas,1400.0,typica,washed / wet,washed,green,2014,2014.0,,0,0,2,0.0,280.0,2.0,Specialty Coffee Association,80.0
690,78,2014-05-01,2014,478,company,Costa Rica,west valley,1300.0,caturra,washed / wet,washed,blue_green,2014,2014.0,,0,0,0,0.0,250.0,1.36077711,Specialty Coffee Association,85.33
691,79,2014-05-01,2014,478,company,Costa Rica,san ramon,1300.0,caturra,washed / wet,washed,blue_green,2014,2014.0,10.0,0,0,2,0.0,250.0,1.36077711,Specialty Coffee Association,85.33
692,943,2014-05-01,2014,321,company,Mexico,siltepec el triunfo,1550.0,typica,washed / wet,washed,green,2014,2014.0,,0,1,1,0.0,280.0,2.0,Specialty Coffee Association,81.42
693,1257,2014-05-05,2014,58,company,Haiti,dondon haiti,825.0,typica,washed / wet,washed,,2013,2013.0,10.0,0,0,1,0.0,1.0,1.81436948,Specialty Coffee Association,77.25
694,1302,2014-05-05,2014,321,company,Mexico,sierra norte yajalon chiapas,1000.0,typica,washed / wet,washed,green,2014,2014.0,12.0,0,0,1,0.0,280.0,2.0,Specialty Coffee Association,70.75
695,922,2014-05-05,2014,58,company,Haiti,dondon haiti,825.0,blue mountain,washed / wet,washed,blue_green,2013,2013.0,11.0,0,0,0,0.0,300.0,1.81436948,Specialty Coffee Association,81.5
696,1295,2014-05-08,2014,592,company,Mexico,sierra alta mixe y zapoteca,1200.0,typica,washed / wet,washed,,2014,2014.0,,0,1,1,0.0,280.0,69.0,Specialty Coffee Association,72.92
697,687,2014-05-08,2014,6,farm,Brazil,south of minas,1000.0,catuai,semi-washed / semi-pulped,semi_washed,blue_green,2012,2012.0,12.0,0,0,1,0.0,39.0,60.0,NUCOFFEE,82.42
698,644,2014-05-09,2014,167,company,Costa Rica,central valley,1300.0,catuai,washed / wet,washed,green,2013,2013.0,11.0,0,0,3,0.0,250.0,1.0,Specialty Coffee Association of Costa Rica,82.58
699,981,2014-05-09,2014,167,company,Costa Rica,central valley,1300.0,catuai,washed / wet,washed,green,2014,2014.0,11.0,0,0,3,0.0,250.0,1.0,Specialty Coffee Association of Costa Rica,81.17
700,1132,2014-05-12,2014,231,company,United States (Hawaii),kona,,hawaiian kona,natural / dry,natural,green,2014,2014.0,11.0,0,1,3,0.0,12.0,100.0,Specialty Coffee Association,79.92
701,1175,2014-05-13,2014,515,farm,Guatemala,oriente,1219.0,bourbon,washed / wet,washed,green,2013,2013.0,10.0,0,0,2,0.0,250.0,69.0,Asociacion Nacional Del Café,79.42
702,1237,2014-05-15,2014,416,company,Honduras,intibuca,1350.0,pacas,natural / dry,natural,green,2014,2014.0,11.0,0,2,6,0.0,275.0,2.0,Instituto Hondureño del Café,78.0
703,1272,2014-05-15,2014,416,company,Honduras,intibuca,1350.0,pacas,natural / dry,natural,green,2014,2014.0,11.0,0,0,7,0.0,275.0,2.0,Instituto Hondureño del Café,76.0
704,1304,2014-05-15,2014,529,farm,Honduras,marcala,1450.0,catuai,washed / wet,washed,green,2014,2014.0,10.0,0,0,4,0.0,275.0,1.0,Instituto Hondureño del Café,69.33
705,1305,2014-05-15,2014,529,farm,Honduras,marcala,1450.0,catuai,washed / wet,washed,green,2014,2014.0,10.0,0,0,3,0.0,275.0,1.0,Instituto Hondureño del Café,69.17
706,1306,2014-05-15,2014,529,farm,Honduras,marcala,1450.0,catuai,washed / wet,washed,green,2014,2014.0,10.0,0,0,4,0.0,275.0,1.0,Instituto Hondureño del Café,69.17
707,849,2014-05-16,2014,556,farm,Honduras,comayagua,1350.0,caturra,natural / dry,natural,green,2014,2014.0,10.0,0,0,4,0.0,275.0,1.0,Instituto Hondureño del Café,81.83
708,883,2014-05-16,2014,556,farm,Honduras,comayagua,1400.0,caturra,natural / dry,natural,green,2014,2014.0,10.0,0,0,5,0.0,275.0,1.0,Instituto Hondureño del Café,81.67
709,285,2014-05-22,2014,515,farm,Guatemala,oriente,1219.0,bourbon,washed / wet,washed,green,2014,2014.0,10.0,0,0,1,0.0,250.0,69.0,Asociacion Nacional Del Café,83.83
710,882,2014-05-23,2014,579,company,Indonesia,bener meriah,,sumatra,semi-washed / semi-pulped,semi_washed,blue_green,2013,2013.0,11.0,0,0,0,0.0,320.0,4.0,Specialty Coffee Association,81.67
711,1032,2014-05-26,2014,378,company,Guatemala,orient,1200.0,caturra,washed / wet,washed,green,2013,2013.0,11.0,0,0,1,0.0,250.0,1.0,Specialty Coffee Association of Costa Rica,80.83
712,942,2014-05-26,2014,667,farm,Guatemala,san lucas toliman solola,1550.0,bourbon,washed / wet,washed,green,2014,2014.0,10.0,0,0,6,0.0,250.0,69.0,Asociacion Nacional Del Café,81.42
713,248,2014-05-27,2014,146,company,Colombia,huila,1480.0,,washed / wet,washed,green,2014,2014.0,12.0,0,0,0,0.0,250.0,1.0,Almacafé,84.0
714,249,2014-05-27,2014,664,company,Colombia,santander,1450.0,caturra,natural / dry,natural,green,2014,2014.0,12.0,0,0,0,0.0,250.0,70.0,Almacafé,84.0
715,596,2014-05-27,2014,370,company,Colombia,huila,,typica,washed / wet,washed,green,2014,2014.0,12.0,0,0,0,0.0,275.0,1.0,Almacafé,82.75
716,993,2014-05-28,2014,609,farm,United States (Puerto Rico),yauco region,853.0,other,washed / wet,washed,green,2013,2013.0,,0,0,0,0.0,18.0,2.2679618500000003,Specialty Coffee Association,81.08
717,149,2014-05-29,2014,537,farm,Guatemala,jalapa,1524.0,pacas,washed / wet,washed,green,2014,2014.0,11.0,0,0,1,0.0,250.0,69.0,Asociacion Nacional Del Café,84.58
718,36,2014-05-30,2014,724,farm,Kenya,muranga,1800.0,sl34,washed / wet,washed,blue_green,2013,2013.0,12.0,0,0,1,0.0,320.0,1.0,Kenya Coffee Traders Association,86.25
719,1194,2014-06-09,2014,609,farm,United States (Puerto Rico),yauco region,853.0,other,washed / wet,washed,green,2013,2013.0,13.0,0,0,0,0.0,18.0,2.2679618500000003,Specialty Coffee Association,79.08
720,284,2014-06-09,2014,167,company,Costa Rica,central valley,1300.0,catuai,washed / wet,washed,green,2013,2013.0,10.0,0,0,3,0.0,250.0,1.0,Specialty Coffee Association of Costa Rica,83.83
721,304,2014-06-09,2014,609,farm,United States (Puerto Rico),yauco region,853.0,other,washed / wet,washed,green,2013,2013.0,12.0,0,0,1,0.0,18.0,2.2679618500000003,Specialty Coffee Association,83.75
722,510,2014-06-09,2014,609,farm,United States (Puerto Rico),yauco region,853.0,other,washed / wet,washed,blue_green,2013,2013.0,,0,0,0,0.0,17.0,2.2679618500000003,Specialty Coffee Association,83.0
723,804,2014-06-09,2014,167,company,Costa Rica,central valley,1300.0,catuai,washed / wet,washed,green,2013,2013.0,10.0,0,0,4,0.0,250.0,1.0,Specialty Coffee Association of Costa Rica,82.0
724,1025,2014-06-10,2014,537,farm,Guatemala,jalapa,1524.0,pacas,washed / wet,washed,green,2014,2014.0,12.0,0,2,5,0.0,250.0,69.0,Asociacion Nacional Del Café,80.92
725,718,2014-06-10,2014,537,farm,Guatemala,jalapa,1524.0,pacas,washed / wet,washed,green,2014,2014.0,12.0,0,0,3,0.0,250.0,69.0,Asociacion Nacional Del Café,82.33
726,1148,2014-06-16,2014,79,company,Thailand,thailand,800.0,,washed / wet,washed,green,2013,2013.0,12.0,0,0,0,0.0,1.0,1.0,Specialty Coffee Association,79.75
727,1160,2014-06-16,2014,79,company,Thailand,thailand,800.0,,washed / wet,washed,blue_green,2013,2013.0,12.0,0,0,0,0.0,1.0,1.0,Specialty Coffee Association,79.67
728,164,2014-06-16,2014,792,farm,China,yunnan,1100.0,other,washed / wet,washed,green,2013,2013.0,,0,0,2,0.0,1.0,2.0,Specialty Coffee Association,84.5
729,237,2014-06-16,2014,285,farm,Guatemala,aldea xeucalvitz ixil region quiche department,1550.0,bourbon,washed / wet,washed,blue_green,2014,2014.0,10.0,0,0,10,0.0,1.0,2.0,Specialty Coffee Association,84.08
730,595,2014-06-16,2014,537,farm,Guatemala,jalapa,1524.0,pacas,washed / wet,washed,green,2014,2014.0,13.0,0,0,2,0.0,250.0,69.0,Asociacion Nacional Del Café,82.75
731,803,2014-06-20,2014,79,company,Thailand,thailand,800.0,,washed / wet,washed,green,2013,2013.0,11.0,0,0,0,0.0,1.0,1.0,Specialty Coffee Association,82.0
732,824,2014-06-20,2014,803,farm,Zambia,mubuyu estate,1250.0,sl28,washed / wet,washed,,2014,2014.0,,0,1,3,0.0,13.0,2.0,Specialty Coffee Association,81.92
733,344,2014-06-24,2014,664,company,Colombia,cundinamarca,1600.0,caturra,natural / dry,natural,green,2014,2014.0,,0,0,0,0.0,250.0,70.0,Almacafé,83.58
734,427,2014-06-24,2014,664,company,Colombia,eje cafetero,1483.0,caturra,natural / dry,natural,green,2014,2014.0,,0,0,0,0.0,250.0,70.0,Almacafé,83.25
735,620,2014-06-25,2014,202,farm,Uganda,mt elgon,1650.0,sl14,washed / wet,washed,green,2013,2013.0,12.0,0,0,0,0.0,1.0,60.0,Uganda Coffee Development Authority,82.67
736,28,2014-06-26,2014,488,farm,Uganda,kapchorwa eastern,1950.0,sl14,washed / wet,washed,green,2013,2013.0,12.0,0,0,1,0.0,100.0,60.0,Uganda Coffee Development Authority,86.83
737,509,2014-06-26,2014,317,farm,Uganda,kapchorwa,1800.0,sl14,washed / wet,washed,green,2013,2013.0,12.0,0,0,0,0.0,300.0,60.0,Uganda Coffee Development Authority,83.0
738,69,2014-06-26,2014,351,farm,Uganda,bulambuli eastern region,1600.0,sl14,washed / wet,washed,green,2013,2013.0,12.0,0,0,1,0.0,320.0,60.0,Uganda Coffee Development Authority,85.5
739,72,2014-06-26,2014,195,farm,Uganda,kapchorwa,1950.0,sl14,washed / wet,washed,green,2013,2013.0,12.0,0,0,5,0.0,150.0,60.0,Uganda Coffee Development Authority,85.42
740,247,2014-06-27,2014,515,farm,Guatemala,oriente,1219.0,bourbon,other,other,green,2014,2014.0,10.0,0,0,0,0.0,250.0,69.0,Asociacion Nacional Del Café,84.0
741,343,2014-06-27,2014,666,farm,Uganda,eastern,1800.0,sl14,washed / wet,washed,green,2013,2013.0,12.0,0,0,5,0.0,100.0,60.0,Uganda Coffee Development Authority,83.58
742,545,2014-06-27,2014,502,farm,Uganda,eastern,1650.0,sl14,washed / wet,washed,green,2013,2013.0,12.0,0,0,0,0.0,1.0,60.0,Uganda Coffee Development Authority,82.92
743,546,2014-06-27,2014,786,farm,Uganda,west nile,1400.0,sl14,washed / wet,washed,green,2013,2013.0,12.0,0,0,4,0.0,1.0,60.0,Uganda Coffee Development Authority,82.92
744,1009,2014-06-30,2014,270,farm,Uganda,eastern,1700.0,sl14,natural / dry,natural,green,2013,2013.0,12.0,0,0,3,0.0,320.0,60.0,Uganda Coffee Development Authority,81.0
745,117,2014-06-30,2014,38,farm,Uganda,eastern,1650.0,sl14,natural / dry,natural,green,2013,2013.0,12.0,0,0,1,0.0,1.0,60.0,Uganda Coffee Development Authority,84.83
746,303,2014-06-30,2014,254,farm,Uganda,west nile,1400.0,bourbon,natural / dry,natural,green,2013,2013.0,12.0,0,0,0,0.0,320.0,60.0,Uganda Coffee Development Authority,83.75
747,54,2014-06-30,2014,502,farm,Uganda,eastern,1650.0,sl14,natural / dry,natural,green,2013,2013.0,12.0,0,0,0,0.0,1.0,60.0,Uganda Coffee Development Authority,85.92
748,643,2014-06-30,2014,780,farm,Uganda,eastern,1650.0,sl14,natural / dry,natural,green,2013,2013.0,12.0,0,0,0,0.0,1.0,60.0,Uganda Coffee Development Authority,82.58
749,175,2014-07-09,2014,289,company,Colombia,huila,1775.0,caturra,washed / wet,washed,green,2014,2014.0,,0,0,3,0.0,275.0,70.0,Almacafé,84.42
750,404,2014-07-15,2014,651,farm,Mexico,veracruz,1100.0,other,washed / wet,washed,green,2013,2013.0,12.0,0,0,0,0.0,200.0,1.0,AMECAFE,83.33
751,486,2014-07-15,2014,167,company,Costa Rica,central valley,1300.0,catuai,washed / wet,washed,green,2014,2014.0,10.0,0,0,3,0.0,250.0,1.0,Specialty Coffee Association of Costa Rica,83.08
752,768,2014-07-15,2014,651,farm,Mexico,veracruz,1100.0,other,washed / wet,washed,green,2013,2013.0,12.0,0,0,0,0.0,200.0,1.0,AMECAFE,82.17
753,1024,2014-07-16,2014,353,company,Nicaragua,matagalpa,1050.0,caturra,washed / wet,washed,green,2013,2013.0,10.0,0,1,3,0.0,275.0,0.45359237,Specialty Coffee Association,80.92
754,224,2014-07-16,2014,440,company,Guatemala,,,,washed / wet,washed,blue_green,2013,2013.0,11.0,0,0,0,0.0,275.0,2.2679618500000003,Specialty Coffee Association,84.17
755,148,2014-07-21,2014,649,farm,Kenya,nyeri,1800.0,peaberry,washed / wet,washed,blue_green,2013,2013.0,10.0,0,0,2,0.0,100.0,60.0,Kenya Coffee Traders Association,84.58
756,1218,2014-07-22,2014,23,farm,Taiwan,dongshan dist tainan city 臺南市東山區,800.0,typica,washed / wet,washed,green,2013,2013.0,10.0,0,0,0,0.0,50.0,20.0,Specialty Coffee Association,78.58
757,802,2014-07-22,2014,830,farm,Taiwan,dongshan dist tainan city 臺南市東山區,600.0,typica,washed / wet,washed,green,2013,2013.0,9.0,0,0,0,0.0,50.0,20.0,Specialty Coffee Association,82.0
758,1147,2014-07-28,2014,516,farm,Taiwan,baihe dist tainan city 臺南市白河區,600.0,typica,washed / wet,washed,blue_green,2013,2013.0,10.0,0,0,0,0.0,50.0,20.0,Specialty Coffee Association,79.75
759,823,2014-07-29,2014,353,company,Nicaragua,,,,washed / wet,washed,green,2013,2013.0,12.0,0,3,4,0.0,275.0,2.2679618500000003,Specialty Coffee Association,81.92
760,921,2014-07-29,2014,683,farm,Brazil,sul de minas,1200.0,yellow bourbon,semi-washed / semi-pulped,semi_washed,green,2014,2014.0,,0,1,1,0.0,300.0,60.0,Specialty Coffee Association,81.5
761,246,2014-08-08,2014,515,farm,Guatemala,oriente,1219.0,bourbon,natural / dry,natural,green,2014,2014.0,10.0,0,0,1,0.0,250.0,69.0,Asociacion Nacional Del Café,84.0
762,364,2014-08-11,2014,664,company,Colombia,cundinamarca,1650.0,caturra,washed / wet,washed,,2014,2014.0,,0,2,0,0.0,250.0,70.0,Almacafé,83.5
763,686,2014-08-14,2014,62,farm,Mexico,la yerba,1296.0,typica,washed / wet,washed,green,2014,2014.0,11.0,0,0,0,0.0,10.0,1.0,AMECAFE,82.42
764,544,2014-08-15,2014,480,farm,Brazil,cerrado,1100.0,moka peaberry,semi-washed / semi-pulped,semi_washed,green,2014/2015,2014.0,11.0,0,0,16,0.0,300.0,2.0,Brazil Specialty Coffee Association,82.92
765,619,2014-08-15,2014,62,farm,Mexico,la yerba,1296.0,typica,natural / dry,natural,green,2014,2014.0,11.0,0,0,0,0.0,11.0,1.0,AMECAFE,82.67
766,920,2014-08-18,2014,121,farm,Taiwan,natou county,900.0,typica,washed / wet,washed,blue_green,2014,2014.0,11.0,0,0,0,0.0,50.0,20.0,Specialty Coffee Association,81.5
767,204,2014-08-21,2014,515,farm,Guatemala,oriente,1219.0,bourbon,other,other,green,2014,2014.0,10.0,0,0,1,0.0,250.0,69.0,Asociacion Nacional Del Café,84.25
768,388,2014-08-21,2014,515,farm,Guatemala,oriente,1219.0,bourbon,natural / dry,natural,green,2013,2013.0,10.0,0,0,1,0.0,250.0,69.0,Asociacion Nacional Del Café,83.42
769,1248,2014-08-25,2014,133,company,Brazil,,,,washed / wet,washed,,2014,2014.0,11.0,0,0,2,0.0,1.0,2.2679618500000003,Specialty Coffee Association,77.83
770,458,2014-08-25,2014,25,farm,Colombia,,,,washed / wet,washed,green,2014,2014.0,11.0,0,10,3,0.0,1.0,1.81436948,Specialty Coffee Association,83.17
771,863,2014-08-25,2014,322,company,Brazil,,,,natural / dry,natural,blue_green,2013,2013.0,10.0,0,0,1,0.0,1.0,2.2679618500000003,Specialty Coffee Association,81.75
772,902,2014-08-25,2014,662,farm,Taiwan,natou county,850.0,typica,semi-washed / semi-pulped,semi_washed,,2014,2014.0,,0,0,0,0.0,50.0,20.0,Specialty Coffee Association,81.58
773,1217,2014-09-04,2014,836,company,Guatemala,oriente,1219.0,other,washed / wet,washed,green,2014,2014.0,12.0,0,0,3,0.0,250.0,69.0,Asociacion Nacional Del Café,78.58
774,1199,2014-09-11,2014,836,company,Guatemala,oriente,1219.0,other,washed / wet,washed,green,2014,2014.0,12.0,0,0,3,0.0,250.0,69.0,Asociacion Nacional Del Café,79.0
775,785,2014-09-12,2014,463,company,Colombia,,,,washed / wet,washed,green,2013,2013.0,11.0,0,1,0,0.0,1.0,2.2679618500000003,Specialty Coffee Association,82.08
776,919,2014-09-23,2014,836,company,Guatemala,oriente,1219.0,other,washed / wet,washed,green,2014,2014.0,12.0,0,0,0,0.0,250.0,69.0,Asociacion Nacional Del Café,81.5
777,47,2014-10-01,2014,835,farm,Uganda,eastern uganda,,,semi-washed / semi-pulped,semi_washed,,2014,2014.0,,0,0,0,0.0,1.0,60.0,Uganda Coffee Development Authority,86.0
778,91,2014-10-07,2014,589,farm,Ethiopia,aricha,1700.0,,natural / dry,natural,green,2014,2014.0,10.0,0,2,7,0.0,100.0,60.0,Specialty Coffee Association,85.08
779,223,2014-10-15,2014,146,company,Colombia,huila,1530.0,other,washed / wet,washed,green,2014/2015,2014.0,12.0,0,0,4,0.0,250.0,1.0,Almacafé,84.17
780,387,2014-10-15,2014,664,company,Colombia,huila,1813.0,caturra,washed / wet,washed,green,2014/2015,2014.0,12.0,0,0,1,0.0,250.0,70.0,Almacafé,83.42
781,717,2014-10-15,2014,647,farm,Brazil,south of minas,1100.0,bourbon,natural / dry,natural,blue_green,2014/2015,2014.0,11.0,0,0,0,0.0,10.0,2.0,Specialty Coffee Association,82.33
782,848,2014-10-15,2014,647,farm,Brazil,south of minas,1100.0,bourbon,natural / dry,natural,green,2014/2015,2014.0,11.0,0,0,0,0.0,320.0,2.0,Specialty Coffee Association,81.83
783,1023,2014-10-16,2014,647,farm,Brazil,south of minas,1100.0,bourbon,natural / dry,natural,,2014/2015,2014.0,10.0,0,0,0,0.0,320.0,2.0,Specialty Coffee Association,80.92
784,283,2014-10-16,2014,647,farm,Brazil,south of minas,1200.0,bourbon,semi-washed / semi-pulped,semi_washed,green,2014/2015,2014.0,,0,0,1,0.0,300.0,2.0,Specialty Coffee Association,83.83
785,485,2014-10-16,2014,647,farm,Brazil,south of minas,1200.0,bourbon,washed / wet,washed,green,2014/2015,2014.0,,0,0,1,0.0,300.0,2.0,Specialty Coffee Association,83.08
786,742,2014-10-16,2014,647,farm,Brazil,south of minas,1100.0,bourbon,natural / dry,natural,green,2014/2015,2014.0,11.0,0,0,0,0.0,320.0,2.0,Specialty Coffee Association,82.25
787,881,2014-10-16,2014,647,farm,Brazil,south of minas,1260.0,bourbon,washed / wet,washed,green,2014/2015,2014.0,10.0,0,0,2,0.0,300.0,2.0,Specialty Coffee Association,81.67
788,1064,2014-10-17,2014,647,farm,Brazil,south of minas,1200.0,bourbon,semi-washed / semi-pulped,semi_washed,green,2014/2015,2014.0,,0,0,3,0.0,300.0,2.0,Specialty Coffee Association,80.58
789,941,2014-10-17,2014,647,farm,Brazil,south of minas,1100.0,bourbon,natural / dry,natural,green,2014/2015,2014.0,,0,0,0,0.0,320.0,2.0,Specialty Coffee Association,81.42
790,1055,2014-10-23,2014,215,farm,Mexico,el desmoronado talpan de allende jalisco,1200.0,typica,washed / wet,washed,green,2014,2014.0,12.0,0,0,4,0.0,20.0,1.0,AMECAFE,80.67
791,457,2014-10-28,2014,381,farm,Uganda,eastern,1800.0,sl14,washed / wet,washed,blue_green,2014,2014.0,10.0,0,0,0,0.0,84.0,60.0,Uganda Coffee Development Authority,83.17
792,801,2014-10-31,2014,61,farm,Malawi,mzuzu,2500.0,gesha,washed / wet,washed,blue_green,2014,2014.0,13.0,0,0,1,0.0,16.0,60.0,Africa Fine Coffee Association,82.0
793,847,2014-10-31,2014,196,farm,Malawi,kakoma,1556.0,gesha,washed / wet,washed,green,2014,2014.0,13.0,0,0,0,0.0,24.0,60.0,Africa Fine Coffee Association,81.83
794,901,2014-10-31,2014,367,farm,Malawi,mzuzu,1100.0,gesha,washed / wet,washed,green,2014,2014.0,13.0,0,0,0,0.0,10.0,60.0,Africa Fine Coffee Association,81.58
795,1054,2014-11-04,2014,825,farm,Malawi,southern zomba,995.0,caturra,washed / wet,washed,blue_green,2014,2014.0,12.0,0,0,1,0.0,100.0,60.0,Africa Fine Coffee Association,80.67
796,594,2014-11-04,2014,71,farm,Malawi,mzuzu,1442.0,gesha,washed / wet,washed,blue_green,2014,2014.0,12.0,0,0,0,0.0,29.0,60.0,Africa Fine Coffee Association,82.75
797,716,2014-11-04,2014,44,farm,Malawi,mzuzu,1450.0,gesha,washed / wet,washed,green,2014,2014.0,12.0,0,0,0,0.0,10.0,60.0,Africa Fine Coffee Association,82.33
798,741,2014-11-04,2014,752,farm,Malawi,mzuzu,1180.0,gesha,washed / wet,washed,blue_green,2014,2014.0,13.0,0,0,0,0.0,10.0,60.0,Africa Fine Coffee Association,82.25
799,918,2014-11-04,2014,159,farm,Malawi,mzuzu,1599.0,gesha,washed / wet,washed,green,2014,2014.0,12.0,0,0,0,0.0,15.0,60.0,Africa Fine Coffee Association,81.5
800,940,2014-11-04,2014,81,farm,Malawi,mzuzu,1422.0,gesha,washed / wet,washed,blue_green,2014,2014.0,12.0,0,0,0,0.0,12.0,60.0,Africa Fine Coffee Association,81.42
801,958,2014-11-04,2014,148,farm,Malawi,mzuzu,1200.0,gesha,washed / wet,washed,green,2014,2014.0,13.0,0,0,1,0.0,31.0,60.0,Africa Fine Coffee Association,81.33
802,980,2014-11-04,2014,825,farm,Malawi,southern zomba,995.0,caturra,washed / wet,washed,green,2014,2014.0,12.0,0,0,12,0.0,300.0,60.0,Africa Fine Coffee Association,81.17
803,236,2014-11-05,2014,289,company,Colombia,huila,1775.0,caturra,washed / wet,washed,,2014,2014.0,,0,0,2,0.0,200.0,70.0,Almacafé,84.08
804,456,2014-11-05,2014,289,company,Colombia,huila,1775.0,caturra,washed / wet,washed,,2014,2014.0,,0,0,4,0.0,232.0,70.0,Almacafé,83.17
805,1183,2014-11-07,2014,366,farm,Taiwan,natou county,850.0,typica,washed / wet,washed,blue_green,2014,2014.0,11.0,0,0,0,0.0,50.0,20.0,Specialty Coffee Association,79.25
806,593,2014-11-07,2014,289,company,Colombia,huila,1775.0,caturra,washed / wet,washed,blue_green,2014,2014.0,,0,0,2,0.0,250.0,70.0,Almacafé,82.75
807,957,2014-11-13,2014,78,farm,Philippines,davao city region 11,1400.0,other,washed / wet,washed,green,2014,2014.0,14.0,0,0,3,0.0,2.0,2.0,Specialty Coffee Association,81.33
808,323,2014-11-21,2014,162,company,Colombia,huila,1625.0,caturra,washed / wet,washed,,2014/2015,2014.0,11.0,0,0,4,0.0,100.0,0.90718474,Specialty Coffee Association,83.67
809,1022,2014-11-23,2014,138,farm,Taiwan,台中新社,550.0,typica,washed / wet,washed,green,2014,2014.0,9.0,0,0,0,0.0,10.0,60.0,Blossom Valley International,80.92
810,1081,2014-11-23,2014,108,farm,Taiwan,南投國姓,600.0,typica,washed / wet,washed,green,2014,2014.0,14.0,0,0,0,0.0,10.0,60.0,Blossom Valley International,80.42
811,1116,2014-11-23,2014,829,farm,Taiwan,苗栗泰安,850.0,typica,washed / wet,washed,green,2014,2014.0,7.0,0,0,0,0.0,10.0,60.0,Blossom Valley International,80.08
812,270,2014-11-23,2014,414,farm,Taiwan,台中和平區,950.0,typica,washed / wet,washed,green,2014,2014.0,6.0,0,0,0,0.0,10.0,60.0,Blossom Valley International,83.92
813,426,2014-11-23,2014,180,farm,Taiwan,南投國姓,800.0,typica,washed / wet,washed,green,2014,2014.0,10.0,0,0,0,0.0,10.0,60.0,Blossom Valley International,83.25
814,508,2014-11-23,2014,153,farm,Taiwan,嘉義阿里山,1200.0,typica,washed / wet,washed,green,2014,2014.0,8.0,0,0,0,0.0,10.0,60.0,Blossom Valley International,83.0
815,618,2014-11-23,2014,19,farm,Taiwan,嘉義阿里山,1200.0,typica,washed / wet,washed,green,2014,2014.0,8.0,0,0,0,0.0,10.0,60.0,Blossom Valley International,82.67
816,939,2014-11-23,2014,9,farm,Taiwan,苗栗三灣,110.0,typica,washed / wet,washed,green,2014,2014.0,12.0,0,0,0,0.0,10.0,60.0,Blossom Valley International,81.42
817,110,2014-12-12,2014,798,farm,"Tanzania, United Republic Of",mbeya,1620.0,other,washed / wet,washed,green,2014,2014.0,12.0,0,0,2,0.0,134.0,60.0,Africa Fine Coffee Association,84.92
818,202,2014-12-12,2014,399,farm,"Tanzania, United Republic Of",shizingo village,1620.0,other,washed / wet,washed,green,2014,2014.0,12.0,0,0,7,0.0,10.0,60.0,Africa Fine Coffee Association,84.25
819,203,2014-12-12,2014,628,farm,"Tanzania, United Republic Of",mbeya,1600.0,other,washed / wet,washed,green,2014,2014.0,12.0,0,0,2,0.0,65.0,60.0,Africa Fine Coffee Association,84.25
820,222,2014-12-12,2014,16,farm,"Tanzania, United Republic Of",arusha,1400.0,other,washed / wet,washed,green,2014,2014.0,13.0,0,0,0,0.0,10.0,60.0,Africa Fine Coffee Association,84.17
821,269,2014-12-12,2014,289,company,Colombia,huila,1775.0,caturra,washed / wet,washed,green,2014,2014.0,,0,0,1,0.0,275.0,70.0,Almacafé,83.92
822,386,2014-12-12,2014,466,farm,"Tanzania, United Republic Of",karatu northern,1600.0,bourbon,washed / wet,washed,green,2014,2014.0,13.0,0,0,4,0.0,39.0,60.0,Africa Fine Coffee Association,83.42
823,403,2014-12-12,2014,188,farm,"Tanzania, United Republic Of",arusha,1700.0,other,semi-washed / semi-pulped,semi_washed,green,2014,2014.0,12.0,0,0,6,0.0,10.0,60.0,Africa Fine Coffee Association,83.33
824,455,2014-12-12,2014,244,farm,"Tanzania, United Republic Of",mbinga,1653.0,other,washed / wet,washed,blue_green,2014,2014.0,13.0,0,0,6,0.0,180.0,60.0,Africa Fine Coffee Association,83.17
825,642,2014-12-12,2014,169,farm,"Tanzania, United Republic Of",ikand village,1317.0,other,washed / wet,washed,,2014,2014.0,12.0,0,0,1,0.0,10.0,60.0,Africa Fine Coffee Association,82.58
826,661,2014-12-12,2014,338,farm,"Tanzania, United Republic Of",moshi,,other,washed / wet,washed,blue_green,2014,2014.0,12.0,0,0,3,0.0,5.0,60.0,Africa Fine Coffee Association,82.5
827,1008,2014-12-15,2014,590,farm,"Tanzania, United Republic Of",arusha,1525.0,other,washed / wet,washed,green,2014,2014.0,12.0,0,0,5,0.0,1.0,60.0,Africa Fine Coffee Association,81.0
828,617,2014-12-15,2014,41,farm,"Tanzania, United Republic Of",mbinga,1550.0,bourbon,washed / wet,washed,green,2014,2014.0,12.0,0,0,4,0.0,77.0,60.0,Africa Fine Coffee Association,82.67
829,767,2014-12-15,2014,401,farm,"Tanzania, United Republic Of",ilomba vilage mbozi,1700.0,other,washed / wet,washed,green,2014,2014.0,12.0,0,0,1,0.0,10.0,60.0,Africa Fine Coffee Association,82.17
830,880,2014-12-15,2014,687,farm,"Tanzania, United Republic Of",ilomba vilage mbozi,1700.0,other,washed / wet,washed,green,2013,2013.0,12.0,0,0,7,0.0,10.0,60.0,Africa Fine Coffee Association,81.67
831,1021,2014-12-16,2014,532,farm,Brazil,mantiqueira de minas,1200.0,yellow bourbon,natural / dry,natural,green,2014/2015,2014.0,12.0,0,0,8,0.0,300.0,60.0,Brazil Specialty Coffee Association,80.92
832,1225,2014-12-16,2014,512,farm,Brazil,monte carmelo,,catuai,natural / dry,natural,green,2014/2015,2014.0,12.0,0,3,4,0.0,300.0,60.0,Brazil Specialty Coffee Association,78.42
833,956,2014-12-16,2014,532,farm,Brazil,mantiqueira de minas,1200.0,yellow bourbon,other,other,green,2014/2015,2014.0,12.0,0,0,6,0.0,300.0,60.0,Brazil Specialty Coffee Association,81.33
834,968,2014-12-17,2014,459,farm,"Tanzania, United Republic Of",karatu ngorogoro,1700.0,other,washed / wet,washed,green,2014,2014.0,13.0,0,0,5,0.0,100.0,60.0,Africa Fine Coffee Association,81.25
835,979,2014-12-17,2014,41,farm,"Tanzania, United Republic Of",mbinga,1550.0,bourbon,washed / wet,washed,blue_green,2014,2014.0,12.0,0,0,2,0.0,320.0,60.0,Africa Fine Coffee Association,81.17
836,1020,2014-12-18,2014,671,farm,"Tanzania, United Republic Of",manyara karatu,1700.0,other,washed / wet,washed,green,2014,2014.0,12.0,0,0,0,0.0,250.0,60.0,Africa Fine Coffee Association,80.92
837,1089,2014-12-18,2014,93,farm,"Tanzania, United Republic Of",arusha,,other,washed / wet,washed,blue_green,2014,2014.0,12.0,0,0,5,0.0,1.0,60.0,Africa Fine Coffee Association,80.33
838,245,2014-12-18,2014,146,company,Colombia,huila,1600.0,other,washed / wet,washed,green,2014/2015,2014.0,11.0,0,2,7,0.0,250.0,1.0,Almacafé,84.0
839,363,2014-12-18,2014,378,company,Guatemala,atitlan,1400.0,caturra,washed / wet,washed,green,2013,2013.0,10.0,0,0,0,0.0,250.0,1.0,Specialty Coffee Association of Costa Rica,83.5
840,616,2014-12-18,2014,30,farm,"Tanzania, United Republic Of",karatu arusha,1700.0,other,washed / wet,washed,green,2014,2014.0,12.0,0,0,0,0.0,93.0,60.0,Africa Fine Coffee Association,82.67
841,660,2014-12-18,2014,117,farm,"Tanzania, United Republic Of",karatu arusha,1600.0,other,washed / wet,washed,green,2014,2014.0,12.0,0,0,1,0.0,37.0,60.0,Africa Fine Coffee Association,82.5
842,685,2014-12-18,2014,378,company,Guatemala,atitlan,1400.0,caturra,washed / wet,washed,green,2013,2013.0,10.0,0,0,0,0.0,250.0,1.0,Specialty Coffee Association of Costa Rica,82.42
843,800,2014-12-18,2014,541,farm,"Tanzania, United Republic Of",meru,1350.0,other,washed / wet,washed,green,2014,2014.0,12.0,0,0,3,0.0,1.0,60.0,Africa Fine Coffee Association,82.0
844,900,2014-12-18,2014,197,farm,"Tanzania, United Republic Of",oldeani mongola,1800.0,other,washed / wet,washed,green,2014,2014.0,12.0,0,0,5,0.0,100.0,60.0,Africa Fine Coffee Association,81.58
845,992,2014-12-18,2014,300,farm,Costa Rica,naranjo,1500.0,caturra,washed / wet,washed,green,2014,2014.0,13.0,0,0,0,0.0,250.0,1.0,Specialty Coffee Association of Costa Rica,81.08
846,879,2015-01-02,2015,770,company,"Tanzania, United Republic Of",mbinga,1500.0,other,washed / wet,washed,green,2014,2014.0,12.0,0,0,0,0.0,20.0,60.0,Africa Fine Coffee Association,81.67
847,991,2015-01-02,2015,207,farm,"Tanzania, United Republic Of",iwala village mbeya rural,1456.0,other,washed / wet,washed,green,2014,2014.0,13.0,0,0,2,0.0,54.0,60.0,Africa Fine Coffee Association,81.08
848,1063,2015-01-06,2015,235,farm,"Tanzania, United Republic Of",arusha,1400.0,other,washed / wet,washed,blue_green,2014,2014.0,12.0,0,0,1,0.0,10.0,60.0,Africa Fine Coffee Association,80.58
849,822,2015-01-06,2015,501,farm,"Tanzania, United Republic Of",mbeya,1877.0,other,washed / wet,washed,green,2014,2014.0,12.0,0,0,4,0.0,114.0,60.0,Africa Fine Coffee Association,81.92
850,917,2015-01-07,2015,114,company,Costa Rica,occidental,1200.0,caturra,washed / wet,washed,green,2014,2014.0,12.0,0,1,2,0.0,250.0,1.0,Specialty Coffee Association of Costa Rica,81.5
851,784,2015-01-08,2015,813,farm,"Tanzania, United Republic Of",ngorogoro,1600.0,other,washed / wet,washed,green,2014,2014.0,12.0,0,0,3,0.0,1.0,60.0,Africa Fine Coffee Association,82.08
852,862,2015-01-08,2015,813,farm,"Tanzania, United Republic Of",ngorogoro,1600.0,other,washed / wet,washed,blue_green,2014,2014.0,12.0,0,0,4,0.0,1.0,60.0,Africa Fine Coffee Association,81.75
853,978,2015-01-08,2015,587,farm,Philippines,corillera administrative,1200.0,typica,natural / dry,natural,,2014,2014.0,,0,0,4,0.0,2.0,2.0,Specialty Coffee Association,81.17
854,1019,2015-01-13,2015,231,company,United States (Hawaii),kona,,hawaiian kona,natural / dry,natural,blue_green,2014,2014.0,10.0,0,2,5,0.0,7.0,45.359237,Specialty Coffee Association,80.92
855,1007,2015-01-15,2015,333,company,Brazil,cerrado,,mundo novo,natural / dry,natural,green,2014,2014.0,12.0,0,0,0,0.0,300.0,60.0,Brazil Specialty Coffee Association,81.0
856,385,2015-01-15,2015,812,farm,Brazil,vale da grama,,yellow bourbon,semi-washed / semi-pulped,semi_washed,green,2014,2014.0,12.0,0,0,6,0.0,300.0,60.0,Brazil Specialty Coffee Association,83.42
857,615,2015-01-15,2015,512,farm,Brazil,monte carmelo,,catuai,natural / dry,natural,,2014,2014.0,12.0,0,0,9,0.0,300.0,60.0,Brazil Specialty Coffee Association,82.67
858,766,2015-01-15,2015,333,company,Brazil,cerrado,,mundo novo,natural / dry,natural,green,2014,2014.0,12.0,0,0,1,0.0,300.0,60.0,Brazil Specialty Coffee Association,82.17
859,1232,2015-01-20,2015,231,company,United States (Hawaii),kona,,hawaiian kona,natural / dry,natural,green,2014,2014.0,11.0,0,2,8,0.0,18.0,45.359237,Specialty Coffee Association,78.25
860,362,2015-01-22,2015,249,company,Colombia,huila,1850.0,caturra,washed / wet,washed,green,2014,2014.0,11.0,0,0,0,0.0,275.0,70.0,Almacafé,83.5
861,1006,2015-01-26,2015,731,farm,Honduras,san marcos,1350.0,caturra,natural / dry,natural,green,2014,2014.0,12.0,0,0,1,0.0,275.0,,Instituto Hondureño del Café,81.0
862,1108,2015-01-26,2015,529,farm,Honduras,marcala,1400.0,catuai,washed / wet,washed,green,2015,2015.0,11.0,0,0,0,0.0,275.0,1.0,Instituto Hondureño del Café,80.17
863,45,2015-01-29,2015,809,farm,Kenya,nyeri,1754.0,sl28,natural / dry,natural,blue_green,2014,2014.0,11.0,0,0,2,0.0,12.0,60.0,Kenya Coffee Traders Association,86.08
864,1244,2015-02-03,2015,114,company,Costa Rica,occidental,1200.0,caturra,washed / wet,washed,green,2014,2014.0,12.0,0,2,4,0.0,250.0,1.0,Specialty Coffee Association of Costa Rica,77.92
865,1299,2015-02-03,2015,114,company,Costa Rica,occidental,1200.0,caturra,washed / wet,washed,green,2014,2014.0,11.0,0,0,7,0.0,250.0,1.0,Specialty Coffee Association of Costa Rica,71.75
866,899,2015-02-03,2015,277,farm,Costa Rica,turrialba,,caturra,washed / wet,washed,green,2015,2015.0,12.0,0,0,1,0.0,250.0,69.0,Specialty Coffee Association of Costa Rica,81.58
867,507,2015-02-13,2015,834,farm,Brazil,high mogiana,1000.0,catuai,natural / dry,natural,green,2014,2014.0,,0,0,0,0.0,305.0,2.0,Brazil Specialty Coffee Association,83.0
868,641,2015-02-15,2015,527,company,Thailand,chiangrai,1450.0,caturra,washed / wet,washed,blue_green,2014,2014.0,12.0,0,0,1,0.0,50.0,20.0,Specialty Coffee Institute of Asia,82.58
869,659,2015-02-15,2015,527,company,Thailand,chiangrai,1450.0,caturra,washed / wet,washed,,2014,2014.0,11.0,0,0,0,0.0,50.0,20.0,Specialty Coffee Institute of Asia,82.5
870,977,2015-02-15,2015,527,company,Thailand,chiangrai,1450.0,caturra,washed / wet,washed,blue_green,2014,2014.0,12.0,0,0,0,0.0,20.0,20.0,Specialty Coffee Institute of Asia,81.17
871,1100,2015-02-20,2015,575,farm,Nicaragua,matagalpa,900.0,caturra,washed / wet,washed,green,2015,2015.0,11.0,0,0,2,0.0,275.0,69.0,Asociación de Cafés Especiales de Nicaragua,80.25
872,569,2015-02-20,2015,708,farm,United States,berastagi,1200.0,other,other,other,,2014,2014.0,,0,0,9,0.0,300.0,60.0,Specialty Coffee Association,82.83
873,1053,2015-02-27,2015,495,farm,Costa Rica,tarrazu,,caturra,washed / wet,washed,blue_green,2015,2015.0,11.0,0,0,4,0.0,240.0,1.0,Specialty Coffee Association of Costa Rica,80.67
874,990,2015-03-04,2015,776,company,United States,central america,1707.0,pache comun,natural / dry,natural,,2014,2014.0,,0,0,0,0.0,1.0,2.2679618500000003,Specialty Coffee Association,81.08
875,715,2015-03-10,2015,388,farm,Guatemala,huehuetenango,1676.0,bourbon,washed / wet,washed,green,2015,2015.0,10.0,0,0,6,0.0,275.0,69.0,Asociacion Nacional Del Café,82.33
876,1045,2015-03-11,2015,422,farm,Honduras,central region,1450.0,catuai,natural / dry,natural,green,2015,2015.0,13.0,0,0,1,0.0,275.0,1.0,Instituto Hondureño del Café,80.75
877,976,2015-03-11,2015,422,farm,Honduras,central region,1450.0,catuai,natural / dry,natural,green,2015,2015.0,13.0,0,0,1,0.0,275.0,1.0,Instituto Hondureño del Café,81.17
878,268,2015-03-12,2015,411,company,Colombia,huila,,,washed / wet,washed,,2014,2014.0,,0,1,1,0.0,275.0,2.0,Almacafé,83.92
879,361,2015-03-12,2015,411,company,Colombia,huila,,,washed / wet,washed,,2014,2014.0,,0,1,0,0.0,275.0,2.0,Almacafé,83.5
880,12,2015-03-13,2015,227,farm,United States,antioquia,1872.0,other,washed / wet,washed,,2014,2014.0,,0,0,0,0.0,10.0,1.0,Almacafé,87.92
881,13,2015-03-13,2015,680,farm,United States,antioquia,1943.0,other,washed / wet,washed,,2014,2014.0,,0,0,0,0.0,10.0,1.0,Almacafé,87.92
882,16,2015-03-13,2015,542,farm,United States,antioquia,2080.0,other,washed / wet,washed,,2014,2014.0,,0,0,0,0.0,10.0,1.0,Almacafé,87.58
883,21,2015-03-13,2015,447,farm,United States,antioquia,2019.0,other,washed / wet,washed,,2014,2014.0,,0,0,0,0.0,10.0,1.0,Almacafé,87.25
884,24,2015-03-13,2015,213,farm,United States,antioquia,2112.0,other,washed / wet,washed,,2014,2014.0,,0,0,0,0.0,10.0,1.0,Almacafé,87.08
885,40,2015-03-13,2015,711,farm,United States,antioquia,1941.0,other,washed / wet,washed,,2014,2014.0,,0,0,0,0.0,10.0,1.0,Almacafé,86.17
886,1146,2015-03-21,2015,504,farm,Taiwan,taiwu township pingtung county 屏東縣泰武鄉,1000.0,typica,natural / dry,natural,,2014,2014.0,,0,0,0,0.0,28.0,50.0,Specialty Coffee Association,79.75
887,568,2015-03-21,2015,455,company,Colombia,huila,1600.0,other,washed / wet,washed,,2014,2014.0,,0,0,1,0.0,100.0,24.0,Blossom Valley International,82.83
888,765,2015-03-21,2015,369,farm,Guatemala,atitlan,1500.0,bourbon,washed / wet,washed,blue_green,2014,2014.0,9.0,0,0,4,0.0,250.0,69.0,Blossom Valley International,82.17
889,846,2015-03-21,2015,521,farm,Indonesia,lington nihuta,1300.0,typica,other,other,,2014,2014.0,11.0,0,2,6,0.0,300.0,10.0,Blossom Valley International,81.83
890,967,2015-03-21,2015,113,farm,Guatemala,huehuetenango,1700.0,pacamara,washed / wet,washed,blue_green,2014,2014.0,9.0,0,0,2,0.0,36.0,24.947580350000003,Blossom Valley International,81.25
891,20,2015-03-25,2015,1,farm,Ethiopia,gedio,1850.0,ethiopian yirgacheffe,natural / dry,natural,,2014,2014.0,,0,0,8,0.0,250.0,60.0,Blossom Valley International,87.25
892,342,2015-03-25,2015,613,farm,Ethiopia,yirgacheffe,1850.0,other,washed / wet,washed,,2014,2014.0,,0,0,7,0.0,250.0,60.0,Blossom Valley International,83.58
893,783,2015-03-25,2015,41,farm,"Tanzania, United Republic Of",kilimanjaro,1500.0,bourbon,washed / wet,washed,green,2014,2014.0,12.0,0,0,5,0.0,300.0,2.0,Tanzanian Coffee Board,82.08
894,221,2015-03-26,2015,21,farm,Ethiopia,snnprg kafa telo woreda shada kebele,1606.5,gesha,natural / dry,natural,green,2014,2014.0,10.0,0,0,5,0.0,320.0,60.0,METAD Agricultural Development plc,84.17
895,4,2015-03-26,2015,142,farm,Ethiopia,oromia,2000.0,,natural / dry,natural,green,2014,2014.0,11.0,0,0,2,0.0,320.0,60.0,METAD Agricultural Development plc,89.0
896,11,2015-03-27,2015,409,farm,Ethiopia,oromia,1905.0,,natural / dry,natural,,2014,2014.0,10.0,0,0,1,0.0,300.0,60.0,METAD Agricultural Development plc,88.08
897,35,2015-03-27,2015,773,farm,Ethiopia,oromia,1775.0,,natural / dry,natural,green,2014,2014.0,10.0,0,0,3,0.0,320.0,60.0,METAD Agricultural Development plc,86.25
898,1216,2015-03-28,2015,137,company,Nicaragua,,,,natural / dry,natural,green,2014,2014.0,11.0,0,1,1,0.0,275.0,2.0,Asociación de Cafés Especiales de Nicaragua,78.58
899,989,2015-03-28,2015,128,farm,Nicaragua,jinotega,,other,washed / wet,washed,,2015,2015.0,11.0,0,0,1,0.0,275.0,69.0,Asociación de Cafés Especiales de Nicaragua,81.08
900,10,2015-03-30,2015,566,farm,Ethiopia,snnp kaffa zone gimbowereda,1822.5,other,natural / dry,natural,green,2014,2014.0,10.0,0,0,4,0.0,50.0,60.0,METAD Agricultural Development plc,88.25
901,1142,2015-03-30,2015,27,farm,Nicaragua,jinotega,1250.0,caturra,washed / wet,washed,green,2014,2014.0,11.0,0,0,0,0.0,75.0,2.0,Asociación de Cafés Especiales de Nicaragua,79.83
902,282,2015-03-31,2015,681,company,Ethiopia,oromia,1676.5,,natural / dry,natural,green,2014,2014.0,12.0,0,0,4,0.0,320.0,60.0,METAD Agricultural Development plc,83.83
903,360,2015-03-31,2015,22,company,Ethiopia,oromia,1600.0,,natural / dry,natural,,2014,2014.0,10.0,0,1,18,0.0,320.0,60.0,METAD Agricultural Development plc,83.5
904,68,2015-03-31,2015,313,company,Ethiopia,oromia,1900.0,other,natural / dry,natural,green,2015,2015.0,12.0,0,0,7,0.0,320.0,60.0,METAD Agricultural Development plc,85.5
905,71,2015-03-31,2015,313,company,Ethiopia,oromia,1900.0,,washed / wet,washed,green,2015,2015.0,10.0,0,0,18,0.0,320.0,60.0,METAD Agricultural Development plc,85.42
906,1,2015-04-04,2015,262,farm,Ethiopia,guji hambela,2075.0,,washed / wet,washed,green,2014,2014.0,12.0,0,0,0,0.0,300.0,60.0,METAD Agricultural Development plc,90.58
907,2,2015-04-04,2015,262,farm,Ethiopia,guji hambela,2075.0,other,washed / wet,washed,green,2014,2014.0,12.0,0,0,1,0.0,300.0,60.0,METAD Agricultural Development plc,89.92
908,5,2015-04-04,2015,262,farm,Ethiopia,guji hambela,2075.0,other,washed / wet,washed,green,2014,2014.0,12.0,0,0,2,0.0,300.0,60.0,METAD Agricultural Development plc,88.83
909,57,2015-04-04,2015,5,company,Ethiopia,oromia,1900.0,,washed / wet,washed,green,2014,2014.0,10.0,0,0,4,0.0,320.0,60.0,METAD Agricultural Development plc,85.83
910,402,2015-04-08,2015,249,company,Colombia,santander,1650.0,caturra,washed / wet,washed,green,2015,2015.0,11.0,0,0,1,0.0,275.0,70.0,Almacafé,83.33
911,85,2015-04-08,2015,249,company,Colombia,santander,1550.0,caturra,washed / wet,washed,green,2015,2015.0,11.0,0,0,0,0.0,275.0,70.0,Almacafé,85.25
912,220,2015-04-10,2015,495,farm,Costa Rica,tarrazu,1850.0,caturra,washed / wet,washed,blue_green,2014,2014.0,,0,0,0,0.0,320.0,69.0,Specialty Coffee Association of Costa Rica,84.17
913,782,2015-04-10,2015,42,farm,Costa Rica,tres rios,1300.0,caturra,washed / wet,washed,blue_green,2015,2015.0,,0,0,0,0.0,275.0,,Specialty Coffee Association of Costa Rica,82.08
914,740,2015-04-15,2015,721,farm,Honduras,marcala,1350.0,catuai,washed / wet,washed,green,2015,2015.0,11.0,0,0,2,0.0,275.0,1.0,Instituto Hondureño del Café,82.25
915,764,2015-04-15,2015,721,farm,Honduras,marcala,1350.0,catuai,washed / wet,washed,green,2015,2015.0,11.0,0,0,2,0.0,275.0,1.0,Instituto Hondureño del Café,82.17
916,484,2015-04-20,2015,333,company,Brazil,chapadao de ferro cerrado mineiro,,mundo novo,natural / dry,natural,green,2015,2015.0,11.0,0,0,13,0.0,300.0,60.0,Brazil Specialty Coffee Association,83.08
917,714,2015-04-20,2015,333,company,Brazil,chapadao de ferro cerrado mineiro,,mundo novo,natural / dry,natural,green,2015,2015.0,11.0,0,0,10,0.0,300.0,60.0,Brazil Specialty Coffee Association,82.33
918,821,2015-04-20,2015,790,farm,Guatemala,nuevo oriente,1550.0,catuai,washed / wet,washed,green,2015,2015.0,11.0,0,0,7,0.0,275.0,69.0,Asociacion Nacional Del Café,81.92
919,1131,2015-04-23,2015,411,company,Colombia,huila,,,washed / wet,washed,green,2015,2015.0,,0,0,1,0.0,275.0,2.0,Almacafé,79.92
920,506,2015-04-23,2015,149,farm,Guatemala,antigua,1500.0,bourbon,washed / wet,washed,green,2015,2015.0,11.0,0,0,2,0.0,250.0,69.0,Asociacion Nacional Del Café,83.0
921,1107,2015-04-24,2015,673,farm,Nicaragua,jinotega,1187.5,caturra,washed / wet,washed,,2015,2015.0,11.0,0,0,2,0.0,275.0,2.0,Asociación de Cafés Especiales de Nicaragua,80.17
922,219,2015-04-24,2015,659,farm,Brazil,cerrado,1150.0,catuai,natural / dry,natural,,2015,2015.0,,0,0,16,0.0,305.0,59.0,Brazil Specialty Coffee Association,84.17
923,185,2015-04-29,2015,412,company,Colombia,huila,442.0,caturra,natural / dry,natural,green,2015,2015.0,11.0,0,6,0,0.0,250.0,70.0,Almacafé,84.33
924,201,2015-04-29,2015,412,company,Colombia,huila,442.0,caturra,natural / dry,natural,green,2015,2015.0,12.0,0,3,0,0.0,250.0,70.0,Almacafé,84.25
925,384,2015-04-29,2015,412,company,Colombia,huila,442.0,caturra,natural / dry,natural,green,2015,2015.0,12.0,0,4,0,0.0,275.0,70.0,Almacafé,83.42
926,281,2015-04-30,2015,503,farm,Taiwan,dongshan dist tainan city 臺南市東山區,525.0,typica,washed / wet,washed,green,2014,2014.0,,0,0,1,0.0,8.0,18.0,Specialty Coffee Association,83.83
927,845,2015-04-30,2015,100,farm,Taiwan,dongshan dist tainan city 臺南市東山區,700.0,typica,washed / wet,washed,green,2014,2014.0,,0,0,0,0.0,8.0,5.0,Specialty Coffee Association,81.83
928,820,2015-05-05,2015,239,farm,El Salvador,el balsamo quezaltepec,1250.0,bourbon,washed / wet,washed,green,2014,2014.0,11.0,0,0,2,0.0,275.0,69.0,Salvadoran Coffee Council,81.92
929,1005,2015-05-06,2015,826,farm,Taiwan,dongshan dist tainan city 臺南市東山區,758.0,typica,washed / wet,washed,blue_green,2015,2015.0,12.0,0,0,0,0.0,10.0,5.0,Specialty Coffee Association,81.0
930,844,2015-05-07,2015,42,farm,Costa Rica,tres rios,1300.0,caturra,washed / wet,washed,green,2015,2015.0,9.0,0,0,0,0.0,275.0,,Specialty Coffee Association of Costa Rica,81.83
931,341,2015-05-12,2015,764,farm,Mexico,chiapas jaltenango,1200.0,caturra,washed / wet,washed,green,2014,2014.0,12.0,0,1,13,0.0,275.0,2.0,Asociación Mexicana De Cafés y Cafeterías De Especialidad A.C.,83.58
932,843,2015-05-12,2015,529,farm,Honduras,marcala,1400.0,catuai,washed / wet,washed,green,2015,2015.0,12.0,0,0,1,0.0,275.0,1.0,Instituto Hondureño del Café,81.83
933,938,2015-05-12,2015,529,farm,Honduras,marcala,1400.0,catuai,washed / wet,washed,green,2015,2015.0,12.0,0,0,1,0.0,275.0,1.0,Instituto Hondureño del Café,81.42
934,966,2015-05-12,2015,529,farm,Honduras,marcala,1400.0,catuai,washed / wet,washed,green,2015,2015.0,12.0,0,0,1,0.0,275.0,1.0,Instituto Hondureño del Café,81.25
935,483,2015-05-19,2015,23,farm,Taiwan,dongshan dist tainan city 臺南市東山區,750.0,typica,natural / dry,natural,green,2015,2015.0,,0,0,0,0.0,20.0,60.0,Specialty Coffee Association,83.08
936,1044,2015-05-22,2015,721,farm,Honduras,marcala,1350.0,catuai,washed / wet,washed,green,2015,2015.0,9.0,0,0,2,0.0,275.0,1.0,Instituto Hondureño del Café,80.75
937,955,2015-05-22,2015,721,farm,Honduras,marcala,1350.0,catuai,washed / wet,washed,green,2015,2015.0,9.0,0,0,4,0.0,275.0,1.0,Instituto Hondureño del Café,81.33
938,975,2015-05-22,2015,42,farm,Costa Rica,tres rios,1300.0,caturra,washed / wet,washed,blue_green,2015,2015.0,11.0,0,0,0,0.0,275.0,,Specialty Coffee Association of Costa Rica,81.17
939,1043,2015-05-23,2015,14,farm,Panama,boquete,1680.0,caturra,other,other,green,2014,2014.0,11.0,0,1,4,0.0,100.0,60.0,Blossom Valley International,80.75
940,1171,2015-05-23,2015,444,farm,Taiwan,nantou,700.0,typica,natural / dry,natural,,2014,2014.0,,0,0,1,0.0,10.0,2.0,Blossom Valley International,79.5
941,132,2015-05-23,2015,520,farm,Ethiopia,yirgacheffe,1900.0,ethiopian yirgacheffe,washed / wet,washed,,2014,2014.0,10.0,0,0,3,0.0,250.0,30.0,Blossom Valley International,84.67
942,133,2015-05-23,2015,627,farm,Costa Rica,costa rica,1750.0,other,other,other,green,2014,2014.0,8.0,0,0,1,0.0,20.0,69.0,Blossom Valley International,84.67
943,66,2015-05-23,2015,14,farm,Panama,boquete,1680.0,caturra,natural / dry,natural,,2014,2014.0,9.0,0,2,2,0.0,100.0,60.0,Blossom Valley International,85.5
944,67,2015-05-23,2015,623,farm,Kenya,kirinyaga,1900.0,sl28,natural / dry,natural,green,2014,2014.0,10.0,0,0,3,0.0,16.0,60.0,Blossom Valley International,85.5
945,77,2015-05-23,2015,113,farm,Guatemala,huehuetenango,1770.0,pacamara,natural / dry,natural,green,2014,2014.0,11.0,0,0,1,0.0,36.0,30.0,Blossom Valley International,85.33
946,1042,2015-05-25,2015,732,farm,Honduras,siguatepeque comayagua,1450.0,caturra,natural / dry,natural,green,2015,2015.0,11.0,0,0,2,0.0,275.0,1.0,Instituto Hondureño del Café,80.75
947,567,2015-05-26,2015,562,farm,Brazil,cerrado,900.0,catuai,natural / dry,natural,green,2015,2015.0,12.0,0,2,6,0.0,300.0,60.0,Brazil Specialty Coffee Association,82.83
948,1041,2015-05-28,2015,128,farm,Nicaragua,jinotega,1100.0,other,washed / wet,washed,green,2015,2015.0,12.0,0,0,5,0.0,275.0,69.0,Asociación de Cafés Especiales de Nicaragua,80.75
949,122,2015-06-02,2015,652,farm,Kenya,nyeri,1800.0,sl34,washed / wet,washed,green,2014,2014.0,13.0,0,0,0,0.0,150.0,60.0,Kenya Coffee Traders Association,84.75
950,163,2015-06-05,2015,411,company,Colombia,cauca,1800.0,other,washed / wet,washed,green,2015/2016,2015.0,12.0,0,1,0,0.0,275.0,2.0,Almacafé,84.5
951,200,2015-06-05,2015,411,company,Colombia,cauca,1800.0,other,washed / wet,washed,green,2015/2016,2015.0,12.0,0,0,0,0.0,275.0,2.0,Almacafé,84.25
952,505,2015-06-05,2015,209,farm,Guatemala,el tumbador san marcos,1372.0,catuai,washed / wet,washed,green,2015,2015.0,11.0,0,0,2,0.0,200.0,69.0,Asociacion Nacional Del Café,83.0
953,109,2015-06-09,2015,208,farm,Taiwan,natou county,800.0,typica,semi-washed / semi-pulped,semi_washed,green,2015,2015.0,11.0,0,0,0,0.0,20.0,40.0,Specialty Coffee Association,84.92
954,322,2015-06-09,2015,79,company,Thailand,thailand,800.0,,washed / wet,washed,blue_green,2014,2014.0,12.0,0,0,0,0.0,1.0,1.0,Specialty Coffee Association,83.67
955,454,2015-06-09,2015,79,company,Thailand,thailand,800.0,,washed / wet,washed,blue_green,2014,2014.0,12.0,0,0,0,0.0,1.0,1.0,Specialty Coffee Association,83.17
956,640,2015-06-09,2015,79,company,Thailand,thailand,800.0,,washed / wet,washed,green,2014,2014.0,12.0,0,0,0,0.0,1.0,1.0,Specialty Coffee Association,82.58
957,658,2015-06-09,2015,79,company,Thailand,thailand,800.0,,washed / wet,washed,green,2014,2014.0,12.0,0,0,0,0.0,1.0,1.0,Specialty Coffee Association,82.5
958,763,2015-06-09,2015,79,company,Thailand,thailand,800.0,,washed / wet,washed,blue_green,2014,2014.0,12.0,0,0,0,0.0,1.0,1.0,Specialty Coffee Association,82.17
959,244,2015-06-10,2015,377,farm,Guatemala,huehuetenango,1707.0,caturra,washed / wet,washed,green,2015,2015.0,12.0,0,0,7,0.0,275.0,69.0,Asociacion Nacional Del Café,84.0
960,44,2015-06-10,2015,76,farm,Taiwan,natou county,1000.0,bourbon,semi-washed / semi-pulped,semi_washed,green,2015,2015.0,12.0,0,0,0,0.0,10.0,15.0,Specialty Coffee Association,86.08
961,543,2015-06-11,2015,484,farm,Mexico,chiapas,1300.0,bourbon,washed / wet,washed,blue_green,2015,2015.0,12.0,0,2,8,0.0,275.0,2.0,Specialty Coffee Association,82.92
962,1260,2015-06-16,2015,682,farm,Peru,san ignacio,1200.0,caturra,washed / wet,washed,green,2014,2014.0,,0,7,9,0.0,275.0,2.0,Specialty Coffee Association,77.0
963,1040,2015-06-18,2015,377,farm,Guatemala,huehuetenango,1661.0,caturra,washed / wet,washed,green,2015,2015.0,12.0,0,0,1,0.0,275.0,69.0,Asociacion Nacional Del Café,80.75
964,425,2015-06-18,2015,76,farm,Taiwan,natou county,1000.0,bourbon,washed / wet,washed,blue_green,2015,2015.0,10.0,0,0,0,0.0,10.0,15.0,Specialty Coffee Association,83.25
965,842,2015-06-25,2015,88,farm,Mexico,chiapas,1425.0,catuai,washed / wet,washed,green,2015,2015.0,11.0,0,0,7,0.0,250.0,2.0,Asociación Mexicana De Cafés y Cafeterías De Especialidad A.C.,81.83
966,974,2015-06-25,2015,764,farm,Mexico,chiapas jaltenango,1200.0,caturra,washed / wet,washed,green,2015,2015.0,12.0,0,0,10,0.0,275.0,1.0,Asociación Mexicana De Cafés y Cafeterías De Especialidad A.C.,81.17
967,1188,2015-06-30,2015,571,farm,Guatemala,nuevo oriente,1550.0,catuai,washed / wet,washed,green,2015,2015.0,11.0,0,0,6,0.0,275.0,69.0,Asociacion Nacional Del Café,79.17
968,453,2015-07-03,2015,223,company,Kenya,kenya,1500.0,sl28,washed / wet,washed,blue_green,2014,2014.0,10.0,0,0,1,0.0,300.0,2.0,Kenya Coffee Traders Association,83.17
969,1170,2015-07-06,2015,679,farm,Nicaragua,jinotega,1050.0,caturra,natural / dry,natural,green,2015,2015.0,12.0,0,0,6,0.0,275.0,69.0,Asociación de Cafés Especiales de Nicaragua,79.5
970,131,2015-07-06,2015,301,farm,Costa Rica,tarrazu,1750.0,caturra,washed / wet,washed,green,2014,2014.0,12.0,0,0,0,0.0,50.0,0.45359237,Specialty Coffee Association of Costa Rica,84.67
971,162,2015-07-06,2015,301,farm,Costa Rica,tarrazu,1700.0,caturra,washed / wet,washed,green,2014,2014.0,11.0,0,0,0,0.0,250.0,0.45359237,Specialty Coffee Association of Costa Rica,84.5
972,965,2015-07-06,2015,128,farm,Nicaragua,jinotega,1100.0,catuai,washed / wet,washed,green,2015,2015.0,10.0,0,0,4,0.0,275.0,69.0,Asociación de Cafés Especiales de Nicaragua,81.25
973,504,2015-07-08,2015,571,farm,Guatemala,nuevo oriente,1550.0,catuai,washed / wet,washed,green,2015,2015.0,11.0,0,0,3,0.0,275.0,69.0,Asociacion Nacional Del Café,83.0
974,739,2015-07-08,2015,715,farm,El Salvador,apaneca,1500.0,bourbon,washed / wet,washed,green,2014,2014.0,12.0,0,0,0,0.0,275.0,1.0,Salvadoran Coffee Council,82.25
975,401,2015-07-14,2015,15,farm,Mexico,chiapas,1200.0,caturra,washed / wet,washed,green,2014,2014.0,12.0,0,0,2,0.0,275.0,1.0,Asociación Mexicana De Cafés y Cafeterías De Especialidad A.C.,83.33
976,424,2015-07-14,2015,567,farm,Mexico,cuarenteno,1261.0,typica,natural / dry,natural,blue_green,2015,2015.0,12.0,0,0,2,0.0,11.0,2.0,Asociación Mexicana De Cafés y Cafeterías De Especialidad A.C.,83.25
977,542,2015-07-14,2015,685,farm,Mexico,cuarenteno,1059.0,typica,natural / dry,natural,blue_green,2015,2015.0,13.0,0,0,3,0.0,11.0,2.0,Asociación Mexicana De Cafés y Cafeterías De Especialidad A.C.,82.92
978,1018,2015-07-17,2015,217,farm,Myanmar,pyinoolwin,1067.0,other,other,other,,2015,2015.0,,0,0,5,0.0,2.0,2.0,Coffee Quality Institute,80.92
979,1039,2015-07-17,2015,96,farm,Myanmar,ywar ngan,1166.0,catuai,washed / wet,washed,green,2015,2015.0,,0,0,2,0.0,1.0,2.0,Coffee Quality Institute,80.75
980,1074,2015-07-17,2015,620,company,Myanmar,pyin oo lwin,1158.0,other,washed / wet,washed,green,2015,2015.0,,0,0,2,0.0,1.0,2.0,Coffee Quality Institute,80.5
981,1099,2015-07-17,2015,500,farm,Myanmar,ywar ngan,1307.0,catuai,natural / dry,natural,green,2014,2014.0,,0,0,1,0.0,1.0,2.0,Coffee Quality Institute,80.25
982,1124,2015-07-17,2015,246,farm,Myanmar,doe kwin pyin oo lwin,1172.0,other,washed / wet,washed,green,2015,2015.0,,0,0,4,0.0,1.0,2.0,Coffee Quality Institute,80.0
983,841,2015-07-17,2015,12,farm,Myanmar,ywar ngan,1219.0,catuai,washed / wet,washed,green,2015,2015.0,,0,0,2,0.0,1.0,2.0,Coffee Quality Institute,81.83
984,916,2015-07-17,2015,282,company,Myanmar,ywar ngan township,1219.0,catuai,washed / wet,washed,green,2015,2015.0,,0,0,4,0.0,1.0,1.0,Coffee Quality Institute,81.5
985,566,2015-07-20,2015,515,farm,Guatemala,oriente,1219.0,bourbon,washed / wet,washed,green,2015,2015.0,11.0,0,0,2,0.0,80.0,69.0,Asociacion Nacional Del Café,82.83
986,541,2015-07-21,2015,368,company,Philippines,asia pacific,1600.0,other,washed / wet,washed,blue_green,2014,2014.0,,0,0,0,0.0,4.0,2.0,Specialty Coffee Association,82.92
987,1004,2015-07-23,2015,515,farm,Guatemala,oriente,1219.0,bourbon,washed / wet,washed,green,2015,2015.0,11.0,0,0,1,0.0,250.0,69.0,Asociacion Nacional Del Café,81.0
988,540,2015-07-31,2015,808,farm,Philippines,bukidnon mindanao philppines,1200.0,other,washed / wet,washed,blue_green,2015,2015.0,11.0,0,0,1,0.0,250.0,2.0,Torch Coffee Lab Yunnan,82.92
989,218,2015-08-03,2015,679,farm,Nicaragua,jinotega,1000.0,caturra,natural / dry,natural,blue_green,2015,2015.0,12.0,0,0,0,0.0,275.0,2.0,Specialty Coffee Association of Costa Rica,84.17
990,217,2015-08-18,2015,289,company,Colombia,huila,1775.0,caturra,washed / wet,washed,blue_green,2015,2015.0,,0,0,0,0.0,275.0,70.0,Almacafé,84.17
991,267,2015-08-18,2015,411,company,Colombia,huila,,,washed / wet,washed,,2015,2015.0,,0,0,0,0.0,275.0,2.0,Almacafé,83.92
992,90,2015-08-18,2015,412,company,Colombia,pasto,2560.0,caturra,natural / dry,natural,,2015,2015.0,,0,0,0,0.0,250.0,70.0,Almacafé,85.08
993,1098,2015-08-27,2015,420,farm,Myanmar,yauk sauk shan state,914.0,other,natural / dry,natural,green,2015,2015.0,11.0,0,1,26,0.0,2.0,2.0,Specialty Coffee Association,80.25
994,539,2015-09-07,2015,633,farm,Taiwan,台東太麻里,775.0,typica,natural / dry,natural,green,2014,2014.0,,0,0,9,0.0,11.0,2.0,Blossom Valley International,82.92
995,359,2015-09-14,2015,20,farm,Indonesia,bener meriah,1500.0,sumatra,semi-washed / semi-pulped,semi_washed,blue_green,2015,2015.0,13.0,0,0,8,0.0,200.0,30.0,Specialty Coffee Association,83.5
996,639,2015-09-15,2015,280,farm,Indonesia,aceh,1250.0,typica,semi-washed / semi-pulped,semi_washed,blue_green,2015,2015.0,13.0,0,0,6,0.0,150.0,2.0,Torch Coffee Lab Yunnan,82.58
997,915,2015-09-17,2015,165,farm,Taiwan,古坑鄉荷包村尖山坑60號,180.0,typica,natural / dry,natural,green,2015,2015.0,12.0,0,0,2,0.0,123.0,2.0,Blossom Valley International,81.5
998,452,2015-09-29,2015,506,farm,Guatemala,oriente,1650.0,bourbon,washed / wet,washed,green,2015,2015.0,12.0,0,0,3,0.0,100.0,69.0,Asociacion Nacional Del Café,83.17
999,1038,2015-10-08,2015,477,farm,Brazil,monte carmelo,,,natural / dry,natural,green,2015/2016,2015.0,,0,0,1,0.0,320.0,60.0,Brazil Specialty Coffee Association,80.75
1000,280,2015-10-08,2015,647,farm,Brazil,south of minas,,yellow bourbon,natural / dry,natural,green,2015/2016,2015.0,,0,0,0,0.0,320.0,2.0,Brazil Specialty Coffee Association,83.83
1001,482,2015-10-08,2015,647,farm,Brazil,south of minas,,yellow bourbon,natural / dry,natural,green,2015/2016,2015.0,,0,0,3,0.0,320.0,2.0,Brazil Specialty Coffee Association,83.08
1002,614,2015-10-08,2015,647,farm,Brazil,south of minas,,yellow bourbon,natural / dry,natural,green,2015/2016,2015.0,,0,0,0,0.0,320.0,2.0,Brazil Specialty Coffee Association,82.67
1003,684,2015-10-08,2015,647,farm,Brazil,south of minas,,yellow bourbon,natural / dry,natural,green,2015/2016,2015.0,,0,0,0,0.0,320.0,2.0,Brazil Specialty Coffee Association,82.42
1004,713,2015-10-08,2015,647,farm,Brazil,south of minas,1268.0,bourbon,natural / dry,natural,green,2015/2016,2015.0,7.0,0,0,0,0.0,12.0,2.0,Specialty Coffee Association,82.33
1005,738,2015-10-08,2015,647,farm,Brazil,south of minas,,yellow bourbon,natural / dry,natural,green,2015/2016,2015.0,,0,0,9,0.0,180.0,2.0,Brazil Specialty Coffee Association,82.25
1006,762,2015-10-08,2015,647,farm,Brazil,south of minas,,yellow bourbon,natural / dry,natural,green,2015/2016,2015.0,,0,0,1,0.0,320.0,2.0,Brazil Specialty Coffee Association,82.17
1007,781,2015-10-08,2015,647,farm,Brazil,south of minas,,yellow bourbon,natural / dry,natural,green,2015/2016,2015.0,,0,0,1,0.0,320.0,2.0,Brazil Specialty Coffee Association,82.08
1008,839,2015-10-08,2015,647,farm,Brazil,south of minas,,yellow bourbon,natural / dry,natural,green,2015/2016,2015.0,,0,0,1,0.0,320.0,2.0,Brazil Specialty Coffee Association,81.83
1009,840,2015-10-08,2015,647,farm,Brazil,south of minas,,yellow bourbon,natural / dry,natural,green,2015/2016,2015.0,,0,0,0,0.0,300.0,2.0,Brazil Specialty Coffee Association,81.83
1010,878,2015-10-08,2015,647,farm,Brazil,south of minas,,yellow bourbon,natural / dry,natural,green,2015/2016,2015.0,,0,0,0,0.0,320.0,2.0,Brazil Specialty Coffee Association,81.67
1011,964,2015-10-08,2015,647,farm,Brazil,south of minas,,yellow bourbon,natural / dry,natural,green,2015/2016,2015.0,,0,0,1,0.0,320.0,2.0,Brazil Specialty Coffee Association,81.25
1012,400,2015-10-12,2015,647,farm,Brazil,south of minas,1227.0,catuai,semi-washed / semi-pulped,semi_washed,green,2015/2016,2015.0,10.0,0,1,5,0.0,10.0,2.0,Specialty Coffee Association,83.33
1013,761,2015-10-20,2015,299,company,"Tanzania, United Republic Of",northern,1600.0,other,washed / wet,washed,green,2015/2016,2015.0,12.0,0,0,1,0.0,300.0,60.0,Tanzanian Coffee Board,82.17
1014,1052,2015-10-23,2015,149,farm,Guatemala,antigua,1500.0,bourbon,washed / wet,washed,green,2015/2016,2015.0,11.0,0,0,0,0.0,150.0,60.0,Asociacion Nacional Del Café,80.67
1015,108,2015-10-26,2015,289,company,Colombia,huila,1775.0,caturra,washed / wet,washed,green,2015,2015.0,12.0,0,0,1,0.0,252.0,70.0,Almacafé,84.92
1016,199,2015-10-26,2015,289,company,Colombia,huila,1775.0,caturra,washed / wet,washed,green,2015,2015.0,12.0,0,4,2,0.0,248.0,70.0,Almacafé,84.25
1017,451,2015-10-29,2015,149,farm,Guatemala,antigua,1500.0,bourbon,washed / wet,washed,green,2015,2015.0,11.0,0,0,1,0.0,150.0,69.0,Asociacion Nacional Del Café,83.17
1018,613,2015-11-03,2015,411,company,Colombia,huila,,,washed / wet,washed,green,2015,2015.0,,0,1,9,0.0,1.0,2.0,Almacafé,82.67
1019,799,2015-11-05,2015,419,farm,Laos,lao p d r,1250.0,other,washed / wet,washed,blue_green,2015,2015.0,12.0,0,0,0,0.0,1.0,2.0,Specialty Coffee Institute of Asia,82.0
1020,266,2015-11-07,2015,155,farm,Taiwan,台灣,,,natural / dry,natural,blue_green,2014,2014.0,,0,0,0,0.0,1.0,2.0,Blossom Valley International,83.92
1021,1051,2015-11-10,2015,352,farm,Indonesia,sumatra brastagi,1350.0,mandheling,semi-washed / semi-pulped,semi_washed,blue_green,2015,2015.0,13.0,0,0,1,0.0,200.0,30.0,Specialty Coffee Association,80.67
1022,1088,2015-11-16,2015,704,farm,"Tanzania, United Republic Of",mkuu rombo,1700.0,bourbon,washed / wet,washed,green,2015/2016,2015.0,13.0,0,0,5,0.0,10.0,60.0,Africa Fine Coffee Association,80.33
1023,358,2015-11-16,2015,218,farm,"Tanzania, United Republic Of",nkure meru,1400.0,ruiru 11,washed / wet,washed,green,2015,2015.0,13.0,0,0,21,0.0,5.0,60.0,Africa Fine Coffee Association,83.5
1024,683,2015-11-16,2015,545,farm,"Tanzania, United Republic Of",arusha meru,2285.0,ruiru 11,washed / wet,washed,green,2015/2016,2015.0,13.0,0,0,7,0.0,10.0,60.0,Africa Fine Coffee Association,82.42
1025,760,2015-11-16,2015,716,farm,"Tanzania, United Republic Of",ruvuma,1650.0,bourbon,washed / wet,washed,green,2015,2015.0,13.0,0,1,6,0.0,30.0,80.0,Africa Fine Coffee Association,82.17
1026,798,2015-11-16,2015,275,farm,"Tanzania, United Republic Of",kilimanjaro,1650.0,other,washed / wet,washed,green,2015,2015.0,13.0,0,0,20,0.0,2.0,80.0,Africa Fine Coffee Association,82.0
1027,973,2015-11-16,2015,640,farm,"Tanzania, United Republic Of",ruvuma mbinga,1050.0,bourbon,washed / wet,washed,green,2015/2016,2015.0,12.0,0,0,2,0.0,100.0,60.0,Africa Fine Coffee Association,81.17
1028,1073,2015-11-17,2015,812,farm,Brazil,vale da grama,1250.0,yellow bourbon,semi-washed / semi-pulped,semi_washed,green,2015/2016,2015.0,11.0,0,0,3,0.0,300.0,60.0,Brazil Specialty Coffee Association,80.5
1029,198,2015-11-19,2015,289,company,Colombia,huila,1775.0,caturra,washed / wet,washed,green,2015,2015.0,11.0,0,0,3,0.0,275.0,70.0,Almacafé,84.25
1030,340,2015-11-19,2015,289,company,Colombia,huila,1800.0,caturra,washed / wet,washed,green,2015,2015.0,12.0,0,0,3,0.0,275.0,70.0,Almacafé,83.58
1031,357,2015-11-19,2015,289,company,Colombia,huila,1775.0,caturra,washed / wet,washed,green,2015,2015.0,12.0,0,0,4,0.0,180.0,70.0,Almacafé,83.5
1032,954,2015-11-20,2015,668,farm,Brazil,cerrado,1100.0,catuai,natural / dry,natural,green,2015/2016,2015.0,11.0,0,0,14,0.0,300.0,60.0,Brazil Specialty Coffee Association,81.33
1033,302,2015-11-27,2015,412,company,Colombia,huila,442.0,caturra,natural / dry,natural,green,2015/2016,2015.0,,0,0,0,0.0,250.0,70.0,Almacafé,83.75
1034,423,2015-11-27,2015,412,company,Colombia,huila,442.0,caturra,natural / dry,natural,green,2015/2016,2015.0,,0,0,2,0.0,304.0,35.0,Almacafé,83.25
1035,34,2015-12-03,2015,642,farm,Costa Rica,west and central valley,1300.0,caturra,washed / wet,washed,blue_green,2015/2016,2015.0,,0,0,0,0.0,250.0,0.90718474,Specialty Coffee Association of Costa Rica,86.33
1036,937,2015-12-03,2015,319,farm,Brazil,cerrado,1100.0,catuai,natural / dry,natural,green,2015/2016,2015.0,11.0,0,0,2,0.0,300.0,60.0,Brazil Specialty Coffee Association,81.42
1037,861,2015-12-21,2015,838,farm,Vietnam,vietnam,1040.0,caturra,washed / wet,washed,blue_green,2014,2014.0,12.0,0,0,0,0.0,1.0,2.0,Specialty Coffee Association,81.75
1038,1293,2015-12-28,2015,333,company,Brazil,campos altos cerrado,,,,,green,2016,,11.0,0,0,0,1.0,300.0,60.0,Brazil Specialty Coffee Association,73.5
1039,503,2015-12-28,2015,838,farm,Vietnam,vietnam cau dat,1550.0,caturra,other,other,green,2014,2014.0,,0,0,0,0.0,2.0,2.0,Specialty Coffee Association,83.0
1040,638,2015-12-28,2015,333,company,Brazil,campos altos cerrado,,,,,green,2016,,,0,1,2,9.0,300.0,60.0,Brazil Specialty Coffee Association,82.58
1041,422,2016-01-12,2016,333,company,Brazil,campos altos cerrado,,,,,green,2016,2016.0,12.0,0,0,4,0.0,300.0,60.0,Brazil Specialty Coffee Association,83.25
1042,682,2016-01-12,2016,333,company,Brazil,campos altos cerrado,,,,,green,2016,2016.0,11.0,0,0,0,1.0,300.0,60.0,Brazil Specialty Coffee Association,82.42
1043,565,2016-01-19,2016,838,farm,Vietnam,vietnam tutra,1040.0,other,other,other,green,2014,2014.0,11.0,0,11,0,0.0,3.0,2.0,Specialty Coffee Association,82.83
1044,265,2016-01-21,2016,289,company,Colombia,la plata,,,,,,2016,2016.0,,0,1,5,3.0,226.0,70.0,Almacafé,83.92
1045,877,2016-01-21,2016,289,company,Colombia,la plata,,,,,,2016,2016.0,,0,0,1,1.0,165.0,70.0,Almacafé,81.67
1046,1087,2016-01-22,2016,713,company,Burundi,mumirwa,1700.0,,,,green,2016,2016.0,12.0,0,0,0,0.0,300.0,60.0,Kenya Coffee Traders Association,80.33
1047,174,2016-01-25,2016,412,company,Colombia,pitalito,,caturra,natural / dry,natural,green,2015/2016,2015.0,,0,0,1,0.0,304.0,35.0,Almacafé,84.42
1048,1080,2016-02-03,2016,721,farm,Honduras,marcala,1450.0,,,,green,2016,2016.0,10.0,0,0,0,0.0,275.0,69.0,Instituto Hondureño del Café,80.42
1049,1072,2016-02-11,2016,39,farm,Mauritius,chamarel south west,280.0,,,,green,2016,2016.0,12.0,0,0,0,0.0,1.0,2.0,Kenya Coffee Traders Association,80.5
1050,264,2016-02-11,2016,412,company,Colombia,huila,442.0,,,,green,2016,2016.0,11.0,0,1,2,0.0,250.0,70.0,Almacafé,83.92
1051,502,2016-02-11,2016,412,company,Colombia,huila,442.0,,,,green,2016,2016.0,11.0,0,0,4,0.0,25.0,70.0,Almacafé,83.0
1052,184,2016-02-16,2016,289,company,Colombia,la plata,,,,,,2016,2016.0,,0,0,4,2.0,275.0,70.0,Almacafé,84.33
1053,1215,2016-02-17,2016,728,farm,Nicaragua,nueva segovia,,,,,green,2016,2016.0,10.0,0,1,7,5.0,275.0,69.0,Instituto Hondureño del Café,78.58
1054,279,2016-02-23,2016,598,farm,Taiwan,台灣,1200.0,,,,,2016,2016.0,,0,0,0,0.0,167.0,30.0,Blossom Valley International,83.83
1055,612,2016-02-25,2016,481,farm,Mexico,veracruz,1300.0,,,,green,2016,2016.0,11.0,0,0,3,2.0,8.0,8.0,Centro Agroecológico del Café A.C.,82.67
1056,953,2016-02-25,2016,507,company,Mexico,veracruz,1130.0,,,,green,2016,2016.0,12.0,0,0,0,2.0,220.0,69.0,Centro Agroecológico del Café A.C.,81.33
1057,1062,2016-02-26,2016,728,farm,Nicaragua,nueva segovia,,,,,green,2016,2016.0,11.0,0,0,0,1.0,275.0,69.0,Instituto Hondureño del Café,80.58
1058,538,2016-02-26,2016,580,company,Ethiopia,blida kercha guji oromia,2000.0,ethiopian heirlooms,washed / wet,washed,blue_green,2016,2016.0,,0,1,20,0.0,250.0,60.0,Blossom Valley International,82.92
1059,1247,2016-02-29,2016,778,farm,Nicaragua,jinotega,1000.0,,,,blue_green,2016,2016.0,10.0,0,0,0,0.0,275.0,69.0,Specialty Coffee Association of Costa Rica,77.83
1060,1061,2016-03-11,2016,475,farm,Brazil,monte carmelo,,,,,green,2016,2016.0,11.0,0,0,7,0.0,94.0,60.0,Brazil Specialty Coffee Association,80.58
1061,876,2016-03-11,2016,621,farm,Nicaragua,jinotega,,,,,green,,,10.0,0,0,1,0.0,275.0,69.0,Instituto Hondureño del Café,81.67
1062,321,2016-03-14,2016,36,company,Costa Rica,west valley,1350.0,,,,blue_green,,,11.0,0,0,1,0.0,275.0,69.0,Specialty Coffee Association of Costa Rica,83.67
1063,759,2016-03-15,2016,778,farm,Nicaragua,jinotega,1000.0,,,,green,,,10.0,0,0,1,0.0,275.0,69.0,Instituto Hondureño del Café,82.17
1064,356,2016-03-16,2016,428,farm,Guatemala,oriente,1219.0,bourbon,washed / wet,washed,blue_green,2016,2016.0,10.0,0,0,5,2.0,250.0,69.0,Asociacion Nacional Del Café,83.5
1065,657,2016-03-16,2016,428,farm,Guatemala,oriente,1219.0,bourbon,washed / wet,washed,green,2016,2016.0,10.0,0,0,2,2.0,50.0,69.0,Asociacion Nacional Del Café,82.5
1066,936,2016-03-17,2016,209,farm,Guatemala,san marcos,1372.0,catuai,washed / wet,washed,green,2016,2016.0,10.0,0,0,0,0.0,450.0,69.0,Asociacion Nacional Del Café,81.42
1067,564,2016-03-25,2016,426,farm,Rwanda,gicumbi,1900.0,bourbon,washed / wet,washed,blue_green,2015,2015.0,11.0,0,0,0,0.0,150.0,60.0,Specialty Coffee Association,82.83
1068,450,2016-03-29,2016,354,farm,El Salvador,apaneca,1350.0,bourbon,washed / wet,washed,green,2016,2016.0,,0,0,0,0.0,275.0,69.0,Salvadoran Coffee Council,83.17
1069,611,2016-03-29,2016,35,farm,El Salvador,el balsamo quezaltepec,1200.0,pacas,washed / wet,washed,green,2016,2016.0,,0,0,7,0.0,275.0,69.0,Salvadoran Coffee Council,82.67
1070,183,2016-04-04,2016,422,farm,Honduras,central region,1500.0,catuai,washed / wet,washed,green,2016,2016.0,11.0,0,0,2,1.0,275.0,69.0,Instituto Hondureño del Café,84.33
1071,449,2016-04-05,2016,90,farm,China,dehong prefecture,1600.0,catimor,washed / wet,washed,green,2015,2015.0,10.0,0,0,3,0.0,3.0,60.0,Yunnan Coffee Exchange,83.17
1072,592,2016-04-05,2016,471,farm,China,menglian,1500.0,catimor,washed / wet,washed,green,2015,2015.0,11.0,0,0,2,0.0,3.0,60.0,Yunnan Coffee Exchange,82.75
1073,712,2016-04-05,2016,343,farm,China,xishuangbanna prefecture,1580.0,catimor,pulped natural / honey,honey,green,2015,2015.0,12.0,0,0,2,6.0,3.0,60.0,Yunnan Coffee Exchange,82.33
1074,161,2016-04-06,2016,438,farm,China,yunnan,1680.0,catimor,washed / wet,washed,green,2015,2015.0,10.0,0,0,1,0.0,3.0,60.0,Yunnan Coffee Exchange,84.5
1075,196,2016-04-06,2016,31,farm,Guatemala,huehuetenango,1099.0,caturra,washed / wet,washed,green,2015,2015.0,10.0,0,0,1,0.0,275.0,69.0,Asociacion Nacional Del Café,84.25
1076,197,2016-04-06,2016,554,farm,China,yunnan,1400.0,catimor,natural / dry,natural,green,2015,2015.0,10.0,0,0,1,0.0,3.0,60.0,Yunnan Coffee Exchange,84.25
1077,301,2016-04-06,2016,429,farm,China,yunnan,1650.0,catimor,washed / wet,washed,green,2015,2015.0,10.0,0,0,2,1.0,3.0,60.0,Yunnan Coffee Exchange,83.75
1078,339,2016-04-06,2016,669,farm,China,yunnan,1100.0,catimor,washed / wet,washed,green,2015,2015.0,10.0,0,0,4,1.0,3.0,60.0,Yunnan Coffee Exchange,83.58
1079,448,2016-04-06,2016,361,farm,China,yunnan,1200.0,catimor,washed / wet,washed,green,2015,2015.0,11.0,0,0,0,0.0,3.0,60.0,Yunnan Coffee Exchange,83.17
1080,591,2016-04-06,2016,596,farm,China,yunnan,1100.0,catimor,natural / dry,natural,green,2015,2015.0,10.0,0,0,0,0.0,3.0,60.0,Yunnan Coffee Exchange,82.75
1081,681,2016-04-06,2016,807,farm,China,yunnan,1600.0,catimor,washed / wet,washed,green,2015,2015.0,10.0,0,0,0,0.0,3.0,60.0,Yunnan Coffee Exchange,82.42
1082,76,2016-04-06,2016,97,farm,China,yunnan,1700.0,catimor,natural / dry,natural,green,2015,2015.0,10.0,0,0,0,0.0,3.0,60.0,Yunnan Coffee Exchange,85.33
1083,19,2016-04-07,2016,178,farm,China,yunnan,1450.0,catimor,washed / wet,washed,green,2015,2015.0,10.0,0,0,0,0.0,3.0,60.0,Yunnan Coffee Exchange,87.25
1084,355,2016-04-07,2016,412,company,Colombia,pitalito,1000.0,caturra,natural / dry,natural,green,2016,2016.0,,0,0,0,0.0,250.0,70.0,Almacafé,83.5
1085,563,2016-04-08,2016,35,farm,El Salvador,el balsamo quezaltepec,1250.0,pacas,washed / wet,washed,green,2016,2016.0,,0,0,4,0.0,275.0,69.0,Salvadoran Coffee Council,82.83
1086,338,2016-04-15,2016,289,company,Colombia,huila,,caturra,washed / wet,washed,green,2016,2016.0,11.0,0,0,4,0.0,275.0,70.0,Almacafé,83.58
1087,383,2016-04-25,2016,152,farm,El Salvador,apaneca,1330.0,bourbon,washed / wet,washed,,2016,2016.0,11.0,0,0,0,0.0,275.0,69.0,Salvadoran Coffee Council,83.42
1088,481,2016-04-25,2016,260,farm,Brazil,south of minas,905.0,yellow bourbon,pulped natural / honey,honey,blue_green,2015,2015.0,11.0,0,0,2,2.0,320.0,60.0,Brazil Specialty Coffee Association,83.08
1089,590,2016-04-25,2016,260,farm,Brazil,south of minas,905.0,yellow bourbon,pulped natural / honey,honey,blue_green,2015,2015.0,11.0,0,0,1,2.0,320.0,60.0,Brazil Specialty Coffee Association,82.75
1090,1097,2016-04-26,2016,496,farm,Mexico,sierra madre occidental,1600.0,caturra,washed / wet,washed,green,2016,2016.0,10.0,0,0,2,0.0,60.0,69.0,Centro Agroecológico del Café A.C.,80.25
1091,235,2016-04-27,2016,331,farm,Guatemala,oriente,,bourbon,washed / wet,washed,green,2016,2016.0,10.0,0,0,4,0.0,50.0,69.0,Asociacion Nacional Del Café,84.08
1092,84,2016-04-27,2016,331,farm,Guatemala,oriente,,bourbon,,,green,2016,2016.0,10.0,0,0,2,2.0,250.0,69.0,Asociacion Nacional Del Café,85.25
1093,875,2016-04-27,2016,741,farm,"Tanzania, United Republic Of",mbinga,1800.0,,,,green,2016,2016.0,,0,0,1,0.0,320.0,60.0,Tanzanian Coffee Board,81.67
1094,447,2016-05-02,2016,721,farm,Honduras,marcala,1450.0,catuai,washed / wet,washed,blue_green,2016,2016.0,11.0,0,0,1,1.0,275.0,69.0,Instituto Hondureño del Café,83.17
1095,874,2016-05-02,2016,721,farm,Honduras,marcala,1450.0,catuai,washed / wet,washed,blue_green,2016,2016.0,11.0,0,0,2,0.0,275.0,69.0,Instituto Hondureño del Café,81.67
1096,399,2016-05-05,2016,289,company,Colombia,huila,,caturra,washed / wet,washed,green,2016,2016.0,,0,1,2,0.0,275.0,70.0,Almacafé,83.33
1097,101,2016-05-07,2016,577,company,Kenya,,,,washed / wet,washed,green,2015,2015.0,11.0,0,0,7,5.0,170.0,60.0,Kenya Coffee Traders Association,85.0
1098,53,2016-05-16,2016,331,farm,Guatemala,nuevo oriente,,bourbon,washed / wet,washed,green,2016,2016.0,10.0,0,0,3,1.0,80.0,69.0,Asociacion Nacional Del Café,85.92
1099,711,2016-05-17,2016,263,farm,Costa Rica,tarrazu,1550.0,catuai,washed / wet,washed,green,2015,2015.0,,0,0,0,2.0,130.0,69.0,Specialty Coffee Association of Costa Rica,82.33
1100,116,2016-05-18,2016,309,farm,Taiwan,dongshan dist tainan city 臺南市東山區,350.0,typica,natural / dry,natural,green,2016,2016.0,,0,0,0,0.0,10.0,20.0,Specialty Coffee Association,84.83
1101,234,2016-05-18,2016,593,farm,Taiwan,nanxi dist tainan city 臺南市楠西區,968.0,typica,washed / wet,washed,blue_green,2016,2016.0,10.0,0,0,4,0.0,10.0,20.0,Specialty Coffee Association,84.08
1102,263,2016-05-18,2016,219,farm,Taiwan,leye alishan township chiayi county 嘉義阿里山樂野村,1200.0,typica,washed / wet,washed,green,2015,2015.0,11.0,0,0,3,0.0,20.0,50.0,Specialty Coffee Association,83.92
1103,30,2016-05-18,2016,219,farm,Taiwan,leye alishan township chiayi county,1200.0,sumatra,pulped natural / honey,honey,green,2015,2015.0,,0,0,0,0.0,20.0,50.0,Specialty Coffee Association,86.58
1104,320,2016-05-18,2016,219,farm,Taiwan,leye alishan township chiayi county,1200.0,caturra,natural / dry,natural,blue_green,2015,2015.0,10.0,0,0,0,0.0,20.0,50.0,Specialty Coffee Association,83.67
1105,963,2016-05-18,2016,826,farm,Taiwan,dongshan dist tainan city 台南市東山區,680.0,typica,natural / dry,natural,green,2015,2015.0,12.0,0,0,0,0.0,20.0,50.0,Specialty Coffee Association,81.25
1106,421,2016-05-19,2016,334,farm,Uganda,sipi mt elgon,,sl14,washed / wet,washed,green,2015,2015.0,12.0,0,0,1,0.0,150.0,,Uganda Coffee Development Authority,83.25
1107,1187,2016-05-23,2016,822,farm,Guatemala,occidente,1320.0,bourbon,washed / wet,washed,green,2016,2016.0,11.0,0,0,6,8.0,250.0,69.0,Asociacion Nacional Del Café,79.17
1108,195,2016-05-23,2016,149,farm,Guatemala,antigua,1500.0,caturra,washed / wet,washed,green,2016,2016.0,11.0,0,0,4,4.0,230.0,69.0,Asociacion Nacional Del Café,84.25
1109,278,2016-05-23,2016,149,farm,Guatemala,antigua,1500.0,bourbon,washed / wet,washed,green,2016,2016.0,11.0,0,0,6,7.0,100.0,69.0,Asociacion Nacional Del Café,83.83
1110,446,2016-05-23,2016,149,farm,Guatemala,antigua,1500.0,caturra,washed / wet,washed,green,2016,2016.0,11.0,0,2,3,2.0,250.0,,Asociacion Nacional Del Café,83.17
1111,130,2016-06-01,2016,52,farm,Guatemala,acatenango,1600.0,bourbon,washed / wet,washed,green,2015,2015.0,10.0,0,0,1,0.0,120.0,34.0,Asociacion Nacional Del Café,84.67
1112,215,2016-06-01,2016,667,farm,Guatemala,solola,1565.0,caturra,washed / wet,washed,green,2016,2016.0,10.0,0,0,10,1.0,377.0,69.0,Asociacion Nacional Del Café,84.17
1113,216,2016-06-01,2016,822,farm,Guatemala,norte,1000.0,bourbon,washed / wet,washed,green,2016,2016.0,10.0,0,0,2,0.0,130.0,69.0,Asociacion Nacional Del Café,84.17
1114,610,2016-06-02,2016,192,farm,Laos,paksong laos,1300.0,catimor,washed / wet,washed,blue_green,2015,2015.0,13.0,0,0,0,0.0,60.0,50.0,Blossom Valley International,82.67
1115,277,2016-06-06,2016,495,farm,Costa Rica,tarrazu,1850.0,caturra,washed / wet,washed,blue_green,2015,2015.0,,0,0,0,0.0,275.0,69.0,Specialty Coffee Association of Costa Rica,83.83
1116,354,2016-06-06,2016,36,company,Costa Rica,tarrazu,1850.0,caturra,washed / wet,washed,blue_green,2015,2015.0,,0,0,0,0.0,245.0,69.0,Specialty Coffee Association of Costa Rica,83.5
1117,758,2016-06-09,2016,110,farm,Honduras,comayagua,1500.0,caturra,washed / wet,washed,blue_green,2015,2015.0,11.0,0,0,2,1.0,200.0,69.0,Instituto Hondureño del Café,82.17
1118,952,2016-06-09,2016,110,farm,Honduras,comayagua,1500.0,caturra,washed / wet,washed,blue_green,2016 / 2017,2016.0,11.0,0,0,3,2.0,275.0,69.0,Instituto Hondureño del Café,81.33
1119,398,2016-06-15,2016,289,company,Colombia,guayata,,caturra,washed / wet,washed,blue_green,2016,2016.0,,0,0,0,0.0,130.0,70.0,Almacafé,83.33
1120,214,2016-06-23,2016,782,farm,Guatemala,huehuetenango,1117.0,caturra,washed / wet,washed,green,2016,2016.0,11.0,0,0,6,0.0,275.0,69.0,Asociacion Nacional Del Café,84.17
1121,121,2016-06-27,2016,702,farm,Thailand,thailand,,caturra,pulped natural / honey,honey,green,2015,2015.0,12.0,0,0,0,0.0,50.0,50.0,Specialty Coffee Institute of Asia,84.75
1122,382,2016-06-27,2016,702,farm,Thailand,thailand,1200.0,catimor,washed / wet,washed,blue_green,2015,2015.0,13.0,0,0,0,0.0,500.0,25.0,Specialty Coffee Institute of Asia,83.42
1123,537,2016-06-28,2016,309,farm,Taiwan,dongshan dist tainan city 臺南市東山區,350.0,caturra,natural / dry,natural,green,2016,2016.0,9.0,0,31,0,0.0,10.0,20.0,Specialty Coffee Association,82.92
1124,337,2016-07-05,2016,302,farm,Guatemala,huehuetenango,1128.0,caturra,washed / wet,washed,green,2016,2016.0,11.0,0,0,0,1.0,275.0,69.0,Asociacion Nacional Del Café,83.58
1125,710,2016-07-15,2016,495,farm,Costa Rica,tarrazu,1850.0,caturra,washed / wet,washed,blue_green,2015,2015.0,10.0,0,6,3,1.0,100.0,69.0,Specialty Coffee Association of Costa Rica,82.33
1126,898,2016-07-15,2016,208,farm,Taiwan,natou county,800.0,typica,washed / wet,washed,blue_green,2016,2016.0,10.0,0,0,0,0.0,20.0,50.0,Specialty Coffee Association,81.58
1127,500,2016-07-18,2016,40,farm,Uganda,kasese mt rwenzori,1473.0,bourbon,washed / wet,washed,green,2015,2015.0,12.0,0,0,6,0.0,310.0,60.0,Uganda Coffee Development Authority,83.0
1128,501,2016-07-18,2016,355,farm,Uganda,kasese mt rwenzori,1645.0,bourbon,natural / dry,natural,green,2015,2015.0,12.0,0,0,8,5.0,325.0,60.0,Uganda Coffee Development Authority,83.0
1129,381,2016-07-21,2016,185,farm,Uganda,eastern,1800.0,sl14,washed / wet,washed,green,2015,2015.0,11.0,0,0,1,0.0,20.0,,Uganda Coffee Development Authority,83.42
1130,1003,2016-07-22,2016,289,company,Colombia,guayata,1600.0,caturra,washed / wet,washed,green,2016,2016.0,,0,0,4,4.0,43.0,70.0,Almacafé,81.0
1131,1002,2016-08-02,2016,822,farm,Guatemala,norte,1000.0,bourbon,washed / wet,washed,green,2016,2016.0,9.0,0,0,8,0.0,120.0,69.0,Asociacion Nacional Del Café,81.0
1132,838,2016-08-02,2016,822,farm,Guatemala,norte,1000.0,bourbon,washed / wet,washed,green,2015,2015.0,10.0,0,2,6,0.0,130.0,69.0,Asociacion Nacional Del Café,81.83
1133,194,2016-08-05,2016,412,company,Colombia,narino,2560.0,caturra,natural / dry,natural,green,2016,2016.0,11.0,0,0,2,0.0,275.0,70.0,Almacafé,84.25
1134,680,2016-08-05,2016,289,company,Colombia,guayata,1600.0,caturra,washed / wet,washed,green,2016,2016.0,11.0,0,0,1,0.0,43.0,70.0,Almacafé,82.42
1135,89,2016-08-09,2016,725,farm,Ethiopia,kefa zone gimbo distict at a place called woka araba south west ethiopia,,other,natural / dry,natural,green,2016,2016.0,11.0,0,0,8,1.0,320.0,,METAD Agricultural Development plc,85.08
1136,1050,2016-08-12,2016,136,farm,Taiwan,taiwan,,typica,other,other,green,2016,2016.0,,0,0,1,0.0,160.0,1.0,Blossom Valley International,80.67
1137,420,2016-08-12,2016,727,farm,Guatemala,nuevo oriente,2100.0,pacas,washed / wet,washed,green,2016,2016.0,11.0,0,0,7,2.0,275.0,,Asociacion Nacional Del Café,83.25
1138,262,2016-08-16,2016,260,farm,Brazil,south of minas,934.0,bourbon,natural / dry,natural,green,2016,2016.0,11.0,0,0,7,2.0,320.0,60.0,Brazil Specialty Coffee Association,83.92
1139,319,2016-08-16,2016,260,farm,Brazil,south of minas,934.0,bourbon,natural / dry,natural,green,2016,2016.0,11.0,0,0,3,2.0,320.0,60.0,Brazil Specialty Coffee Association,83.67
1140,498,2016-08-16,2016,736,farm,Brazil,south of minas,894.0,bourbon,natural / dry,natural,green,2016,2016.0,11.0,0,0,5,3.0,320.0,60.0,Brazil Specialty Coffee Association,83.0
1141,499,2016-08-16,2016,260,farm,Brazil,south of minas,872.0,bourbon,natural / dry,natural,blue_green,2016,2016.0,11.0,0,0,3,2.0,320.0,60.0,Brazil Specialty Coffee Association,83.0
1142,609,2016-08-16,2016,260,farm,Brazil,south of minas,934.0,bourbon,natural / dry,natural,blue_green,2016,2016.0,11.0,0,0,3,2.0,320.0,60.0,Brazil Specialty Coffee Association,82.67
1143,709,2016-08-16,2016,260,farm,Brazil,south of minas,934.0,bourbon,natural / dry,natural,blue_green,2016,2016.0,11.0,0,0,3,2.0,320.0,60.0,Brazil Specialty Coffee Association,82.33
1144,757,2016-08-16,2016,736,farm,Brazil,south of minas,934.0,bourbon,natural / dry,natural,green,2016,2016.0,11.0,0,0,5,1.0,320.0,60.0,Brazil Specialty Coffee Association,82.17
1145,780,2016-08-16,2016,736,farm,Brazil,south of minas,894.0,bourbon,natural / dry,natural,green,2016,2016.0,11.0,0,0,3,1.0,320.0,60.0,Brazil Specialty Coffee Association,82.08
1146,797,2016-08-16,2016,260,farm,Brazil,south of minas,944.0,bourbon,natural / dry,natural,green,2016,2016.0,11.0,0,0,3,2.0,230.0,60.0,Brazil Specialty Coffee Association,82.0
1147,212,2016-08-19,2016,289,company,Colombia,huila,,caturra,washed / wet,washed,green,2016,2016.0,,0,0,2,0.0,250.0,70.0,Almacafé,84.17
1148,213,2016-08-19,2016,230,farm,Costa Rica,tarrazu,1700.0,caturra,washed / wet,washed,blue_green,2016,2016.0,9.0,0,0,2,0.0,150.0,69.0,Specialty Coffee Association of Costa Rica,84.17
1149,737,2016-08-31,2016,727,farm,Guatemala,nuevo oriente,1450.0,pacas,washed / wet,washed,green,2016,2016.0,11.0,0,0,2,2.0,275.0,69.0,Asociacion Nacional Del Café,82.25
1150,1001,2016-09-09,2016,812,farm,Brazil,grama valley,,yellow bourbon,pulped natural / honey,honey,blue_green,2016 / 2017,2016.0,11.0,0,0,3,2.0,300.0,59.0,Brazil Specialty Coffee Association,81.0
1151,419,2016-09-20,2016,18,farm,Costa Rica,tarrazu,,,washed / wet,washed,,2015,2015.0,11.0,0,0,0,0.0,275.0,69.0,Specialty Coffee Association of Costa Rica,83.25
1152,100,2016-09-21,2016,787,company,Mexico,veracruz,1300.0,typica,washed / wet,washed,green,2015,2015.0,9.0,0,0,3,0.0,1.0,30.0,Centro Agroecológico del Café A.C.,85.0
1153,129,2016-10-04,2016,263,farm,Costa Rica,tarrazu,1150.0,catuai,washed / wet,washed,blue_green,2015,2015.0,10.0,0,0,2,0.0,15.0,69.0,Specialty Coffee Association of Costa Rica,84.67
1154,708,2016-10-13,2016,454,company,Brazil,cerrado,,,natural / dry,natural,green,2016 / 2017,2016.0,11.0,0,0,14,4.0,305.0,59.0,Brazil Specialty Coffee Association,82.33
1155,261,2016-10-18,2016,814,farm,Thailand,chiangrai,1350.0,catimor,natural / dry,natural,blue_green,2015,2015.0,10.0,0,0,1,0.0,45.0,40.0,Specialty Coffee Association,83.92
1156,819,2016-10-26,2016,720,farm,Brazil,monte carmelo,1020.0,catuai,natural / dry,natural,green,2016 / 2017,2016.0,11.0,0,0,4,0.0,305.0,59.0,Brazil Specialty Coffee Association,81.92
1157,128,2016-11-02,2016,616,farm,Japan,ada okinawa japan,170.0,mundo novo,pulped natural / honey,honey,green,,,12.0,0,0,0,0.0,20.0,1.0,Specialty Coffee Institute of Asia,84.67
1158,193,2016-11-02,2016,702,farm,Thailand,chiang rai thailand,1200.0,catimor,natural / dry,natural,green,2015,2015.0,12.0,0,0,0,0.0,20.0,25.0,Specialty Coffee Institute of Asia,84.25
1159,397,2016-11-08,2016,249,company,Colombia,huila,1650.0,caturra,washed / wet,washed,,2016,2016.0,,0,0,0,1.0,275.0,70.0,Almacafé,83.33
1160,951,2016-11-08,2016,289,company,Colombia,huila,,caturra,washed / wet,washed,,2016,2016.0,,0,0,0,0.0,230.0,70.0,Almacafé,81.33
1161,127,2016-11-24,2016,784,farm,Indonesia,temanggung indonesia,1200.0,java,washed / wet,washed,green,2016,2016.0,12.0,0,0,7,0.0,2.0,1.0,Specialty Coffee Association of Indonesia,84.67
1162,107,2016-11-25,2016,289,company,Colombia,huila,,caturra,washed / wet,washed,,2016,2016.0,,0,1,2,6.0,243.0,70.0,Almacafé,84.92
1163,147,2016-12-28,2016,289,company,Colombia,huila,,caturra,washed / wet,washed,green,2016,2016.0,,0,0,5,1.0,125.0,70.0,Almacafé,84.58
1164,146,2017-01-10,2017,289,company,Colombia,santander,1500.0,other,washed / wet,washed,blue_green,2016,2016.0,,0,0,4,0.0,250.0,70.0,Almacafé,84.58
1165,480,2017-01-10,2017,289,company,Colombia,huila,,caturra,washed / wet,washed,green,2016,2016.0,,0,1,5,2.0,275.0,70.0,Almacafé,83.08
1166,1261,2017-01-16,2017,415,company,India,chickmangalore,,,natural / dry,natural,green,2016,2016.0,,0,0,0,7.0,20.0,50.0,Specialty Coffee Association,76.83
1167,837,2017-01-19,2017,307,farm,Indonesia,bali,1250.0,other,other,other,green,2015,2015.0,11.0,0,0,0,1.0,166.0,30.0,Specialty Coffee Association,81.83
1168,679,2017-01-20,2017,49,farm,Guatemala,santa rosa,,caturra,washed / wet,washed,green,2017,2017.0,11.0,0,0,3,2.0,275.0,69.0,Asociacion Nacional Del Café,82.42
1169,836,2017-01-20,2017,124,farm,Brazil,monte carmelo,973.0,mundo novo,natural / dry,natural,green,2016,2016.0,11.0,0,0,3,1.0,200.0,59.0,Brazil Specialty Coffee Association,81.83
1170,418,2017-01-30,2017,385,farm,Costa Rica,tarrazu,1900.0,catuai,pulped natural / honey,honey,green,2016,2016.0,11.0,0,0,0,0.0,29.0,46.0,Specialty Coffee Association,83.25
1171,99,2017-01-30,2017,385,farm,Costa Rica,tarrazu,1900.0,catuai,washed / wet,washed,green,2016,2016.0,12.0,0,1,1,1.0,36.0,46.0,Specialty Coffee Association,85.0
1172,562,2017-02-06,2017,260,farm,Brazil,south of minas,905.0,yellow bourbon,pulped natural / honey,honey,blue_green,2015,2015.0,11.0,0,0,2,2.0,320.0,60.0,Brazil Specialty Coffee Association,82.83
1173,707,2017-02-09,2017,204,farm,Brazil,cerrado,982.0,catuai,natural / dry,natural,green,2016,2016.0,11.0,0,0,11,3.0,320.0,2.0,Brazil Specialty Coffee Association,82.33
1174,353,2017-02-13,2017,237,farm,Taiwan,,,,,,blue_green,2016 / 2017,2016.0,11.0,0,0,0,0.0,1.0,10.0,Blossom Valley International,83.5
1175,380,2017-02-13,2017,216,farm,Taiwan,,,,,,blue_green,2015,2015.0,11.0,0,0,0,0.0,1.0,10.0,Blossom Valley International,83.42
1176,637,2017-02-13,2017,604,farm,Taiwan,changhua baguashan 彰化市八卦山,200.0,,,,blue_green,2016 / 2017,2016.0,11.0,0,0,0,0.0,1.0,10.0,Blossom Valley International,82.58
1177,736,2017-02-13,2017,222,farm,Taiwan,,,,,,blue_green,2016/2017,2016.0,10.0,0,0,0,0.0,1.0,10.0,Blossom Valley International,82.25
1178,835,2017-02-13,2017,385,farm,Costa Rica,tarrazu,1900.0,catuai,pulped natural / honey,honey,green,2016,2016.0,,0,1,4,0.0,15.0,46.0,Specialty Coffee Association,81.83
1179,300,2017-02-15,2017,289,company,Colombia,huila,,,washed / wet,washed,green,2016,2016.0,,0,1,4,0.0,275.0,70.0,Almacafé,83.75
1180,98,2017-02-15,2017,289,company,Colombia,huila,,caturra,washed / wet,washed,green,2016,2016.0,,0,0,3,0.0,135.0,70.0,Almacafé,85.0
1181,379,2017-02-17,2017,495,farm,Costa Rica,tarrazu,1850.0,caturra,washed / wet,washed,blue_green,2016,2016.0,9.0,0,0,4,0.0,275.0,69.0,Specialty Coffee Association of Costa Rica,83.42
1182,182,2017-02-20,2017,763,company,Colombia,huila,,caturra,washed / wet,washed,green,2016,2016.0,,0,0,5,3.0,275.0,70.0,Almacafé,84.33
1183,352,2017-02-20,2017,412,company,Colombia,cundinamarca,1799.0,caturra,washed / wet,washed,blue_green,2016,2016.0,,0,0,5,0.0,50.0,70.0,Almacafé,83.5
1184,479,2017-02-20,2017,412,company,Colombia,cundinamarca,1799.0,caturra,washed / wet,washed,green,2016,2016.0,,0,0,4,1.0,275.0,70.0,Almacafé,83.08
1185,779,2017-02-20,2017,763,company,Colombia,huila,,caturra,washed / wet,washed,green,2016,2016.0,,0,0,6,7.0,275.0,70.0,Almacafé,82.08
1186,417,2017-03-07,2017,171,farm,Mexico,sierra madre occidental,1600.0,typica,washed / wet,washed,blue_green,2017,2017.0,11.0,0,0,0,0.0,50.0,50.0,Centro Agroecológico del Café A.C.,83.25
1187,972,2017-03-08,2017,392,farm,Nicaragua,dipilto nueva segovia,1200.0,,washed / wet,washed,green,2016,2016.0,9.0,0,0,7,0.0,275.0,69.0,Instituto Hondureño del Café,81.17
1188,160,2017-03-14,2017,189,farm,Uganda,eastern uganda,1750.0,sl14,washed / wet,washed,green,2016,2016.0,11.0,0,0,1,0.0,200.0,,Uganda Coffee Development Authority,84.5
1189,173,2017-03-14,2017,352,farm,Indonesia,sumatra brastagi,1400.0,mandheling,other,other,blue_green,2017,2017.0,,0,0,3,0.0,200.0,30.0,Specialty Coffee Association,84.42
1190,276,2017-03-14,2017,289,company,Colombia,huila,,caturra,,,green,2016,2016.0,,0,1,0,2.0,275.0,70.0,Almacafé,83.83
1191,1159,2017-03-23,2017,676,farm,El Salvador,cacahuatique,1250.0,bourbon,washed / wet,washed,blue_green,2016,2016.0,,0,0,12,0.0,275.0,69.0,Salvadoran Coffee Council,79.67
1192,172,2017-03-23,2017,730,company,Costa Rica,tarrazu,1300.0,caturra,washed / wet,washed,blue_green,2016,2016.0,10.0,0,0,3,0.0,275.0,69.0,Specialty Coffee Association of Costa Rica,84.42
1193,1096,2017-04-06,2017,591,farm,Honduras,comayagua,1400.0,caturra,natural / dry,natural,green,2016,2016.0,10.0,0,0,4,0.0,275.0,69.0,Instituto Hondureño del Café,80.25
1194,589,2017-04-06,2017,422,farm,Honduras,comayagua,1400.0,caturra,natural / dry,natural,green,2017,2017.0,9.0,0,0,6,1.0,275.0,69.0,Instituto Hondureño del Café,82.75
1195,706,2017-04-06,2017,422,farm,Honduras,comayagua,1396.0,caturra,washed / wet,washed,green,2017,2017.0,10.0,0,0,8,1.0,275.0,69.0,Instituto Hondureño del Café,82.33
1196,796,2017-04-06,2017,591,farm,Honduras,guinope el paraiso,1600.0,caturra,natural / dry,natural,green,2016,2016.0,10.0,0,0,7,1.0,275.0,69.0,Instituto Hondureño del Café,82.0
1197,636,2017-04-19,2017,454,company,Brazil,south of minas,,,pulped natural / honey,honey,green,2016,2016.0,11.0,0,0,7,0.0,198.0,59.0,Brazil Specialty Coffee Association,82.58
1198,588,2017-04-28,2017,495,farm,Costa Rica,tarrazu,1850.0,caturra,washed / wet,washed,blue_green,2016,2016.0,9.0,0,0,1,0.0,250.0,69.0,Specialty Coffee Association of Costa Rica,82.75
1199,445,2017-05-08,2017,838,farm,Vietnam,dala,1550.0,catimor,natural / dry,natural,,2017,2017.0,7.0,0,0,0,0.0,1.0,2.0,Specialty Coffee Association,83.17
1200,587,2017-05-08,2017,676,farm,El Salvador,cacahuatique,1250.0,bourbon,washed / wet,washed,,2017,2017.0,,0,0,4,0.0,275.0,69.0,Salvadoran Coffee Council,82.75
1201,1106,2017-05-09,2017,838,farm,Vietnam,dala,1550.0,catimor,other,other,,2017,2017.0,,0,0,2,0.0,1.0,2.0,Specialty Coffee Association,80.17
1202,378,2017-05-10,2017,412,company,Colombia,huila,442.0,caturra,washed / wet,washed,green,2016,2016.0,11.0,0,0,2,0.0,600.0,29.0,Almacafé,83.42
1203,181,2017-05-11,2017,110,farm,Honduras,comayagua,1500.0,caturra,,,green,2016,2016.0,10.0,0,0,3,0.0,275.0,66.0,Instituto Hondureño del Café,84.33
1204,243,2017-05-11,2017,110,farm,Honduras,comayagua,1500.0,caturra,washed / wet,washed,green,2017,2017.0,10.0,0,0,5,0.0,275.0,66.0,Instituto Hondureño del Café,84.0
1205,317,2017-05-11,2017,422,farm,Honduras,comayagua,1400.0,caturra,washed / wet,washed,green,2016,2016.0,10.0,0,0,2,0.0,285.0,69.0,Instituto Hondureño del Café,83.67
1206,318,2017-05-11,2017,621,farm,Nicaragua,jinotega,1250.0,caturra,washed / wet,washed,green,2016,2016.0,10.0,0,0,3,0.0,275.0,69.0,Instituto Hondureño del Café,83.67
1207,1017,2017-05-12,2017,161,farm,Mexico,veracruz,1100.0,bourbon,washed / wet,washed,green,2017,2017.0,11.0,0,0,11,0.0,240.0,69.0,Centro Agroecológico del Café A.C.,80.92
1208,935,2017-05-12,2017,530,farm,Mexico,veracruz,1100.0,mundo novo,washed / wet,washed,green,2017,2017.0,12.0,0,1,17,5.0,200.0,69.0,Centro Agroecológico del Café A.C.,81.42
1209,29,2017-05-18,2017,422,farm,Honduras,comayagua,1400.0,caturra,,,green,2016,2016.0,10.0,0,0,3,0.0,275.0,69.0,Instituto Hondureño del Café,86.67
1210,1207,2017-05-22,2017,799,farm,Nicaragua,jalapa,1100.0,caturra,other,other,green,2016,2016.0,10.0,0,0,4,2.0,1.0,1.0,Instituto Hondureño del Café,78.83
1211,232,2017-05-24,2017,600,farm,Indonesia,aceh tengah,,mandheling,natural / dry,natural,blue_green,2017,2017.0,12.0,0,0,0,0.0,2.0,2.0,Specialty Coffee Association of Indonesia,84.13
1212,211,2017-06-01,2017,224,farm,Guatemala,san marcos,1700.0,bourbon,washed / wet,washed,green,2017,2017.0,13.0,0,0,1,0.0,50.0,69.0,Asociacion Nacional Del Café,84.17
1213,585,2017-06-01,2017,574,farm,Guatemala,el progreso,518.0,bourbon,washed / wet,washed,green,2017,2017.0,12.0,0,0,0,0.0,25.0,69.0,Asociacion Nacional Del Café,82.75
1214,586,2017-06-01,2017,522,farm,Taiwan,台南市東山區 dongshan dist tainan city,650.0,yellow bourbon,natural / dry,natural,green,2016,2016.0,,0,0,0,0.0,8.0,10.0,Specialty Coffee Association,82.75
1215,677,2017-06-01,2017,703,farm,Guatemala,san marcos,1700.0,bourbon,washed / wet,washed,green,2016,2016.0,12.0,0,0,0,0.0,50.0,69.0,Asociacion Nacional Del Café,82.42
1216,678,2017-06-01,2017,574,farm,Guatemala,el progreso,518.0,bourbon,washed / wet,washed,green,2017,2017.0,12.0,0,0,0,0.0,20.0,69.0,Asociacion Nacional Del Café,82.42
1217,795,2017-06-01,2017,591,farm,Honduras,el paraiso,1600.0,caturra,washed / wet,washed,green,2017,2017.0,12.0,0,0,1,0.0,275.0,69.0,Instituto Hondureño del Café,82.0
1218,818,2017-06-01,2017,422,farm,Honduras,comayagua,1400.0,caturra,washed / wet,washed,green,2017,2017.0,12.0,0,0,1,0.0,274.0,67.0,Instituto Hondureño del Café,81.92
1219,897,2017-06-01,2017,428,farm,Guatemala,huehuetenango,,bourbon,washed / wet,washed,green,2017,2017.0,12.0,0,0,0,0.0,25.0,69.0,Asociacion Nacional Del Café,81.58
1220,914,2017-06-01,2017,120,farm,Guatemala,santa rosa,,bourbon,,,green,2017,2017.0,12.0,0,0,0,0.0,50.0,69.0,Asociacion Nacional Del Café,81.5
1221,656,2017-06-03,2017,110,farm,Honduras,comayagua,1400.0,caturra,washed / wet,washed,green,2017,2017.0,10.0,0,0,4,0.0,275.0,69.0,Instituto Hondureño del Café,82.5
1222,913,2017-06-03,2017,110,farm,Honduras,comayagua,1400.0,caturra,washed / wet,washed,green,2017,2017.0,10.0,0,0,5,0.0,275.0,69.0,Instituto Hondureño del Café,81.5
1223,242,2017-06-05,2017,226,farm,Ethiopia,sidamo,1800.0,gesha,natural / dry,natural,green,2017,2017.0,11.0,0,3,1,11.0,320.0,60.0,Uganda Coffee Development Authority,84.0
1224,873,2017-06-05,2017,574,farm,Guatemala,santa rosa,1219.0,bourbon,washed / wet,washed,green,2017,2017.0,12.0,0,0,3,1.0,80.0,69.0,Asociacion Nacional Del Café,81.67
1225,1178,2017-06-06,2017,139,farm,Cote d'Ivoire,cnra station of divo,200.0,,washed / wet,washed,blue_green,2016,2016.0,13.0,0,1,2,0.0,2.0,1.0,Specialty Coffee Association,79.33
1226,1236,2017-06-06,2017,522,farm,Taiwan,台南市東山區 dongshan dist tainan city,650.0,yellow bourbon,washed / wet,washed,green,2016,2016.0,,0,3,4,0.0,8.0,10.0,Specialty Coffee Association,78.0
1227,1309,2017-06-06,2017,799,farm,Nicaragua,jalapa,1100.0,caturra,other,other,green,2016,2016.0,13.0,0,1,5,0.0,550.0,69.0,Instituto Hondureño del Café,63.08
1228,299,2017-06-06,2017,526,farm,Taiwan,台南市東山區 dongshan dist tainan city,750.0,typica,natural / dry,natural,green,2016,2016.0,,0,0,0,0.0,10.0,10.0,Specialty Coffee Association,83.75
1229,1123,2017-06-13,2017,621,farm,Nicaragua,jinotega,1250.0,caturra,washed / wet,washed,green,2017,2017.0,10.0,0,0,5,0.0,275.0,69.0,Instituto Hondureño del Café,80.0
1230,444,2017-06-16,2017,758,company,Peru,,,,,,green,2017,2017.0,11.0,0,0,0,1.0,200.0,,Central De Organizaciones Productoras De Café y Cacao Del Perú - Central Café & Cacao,83.17
1231,443,2017-06-20,2017,346,farm,"Tanzania, United Republic Of",moshi,16.8,bourbon,washed / wet,washed,green,2016,2016.0,12.0,0,0,3,0.0,320.0,60.0,Tanzanian Coffee Board,83.17
1232,912,2017-06-20,2017,799,farm,Nicaragua,jalapa,1100.0,caturra,other,other,green,2017,2017.0,11.0,0,0,3,0.0,550.0,69.0,Instituto Hondureño del Café,81.5
1233,988,2017-06-21,2017,221,farm,Brazil,alta paulista sao paulo,695.0,mundo novo,natural / dry,natural,green,2016,2016.0,11.0,0,5,8,0.0,500.0,60.0,Specialty Coffee Association,81.08
1234,1031,2017-06-22,2017,192,farm,Laos,paksong laos,1300.0,catimor,washed / wet,washed,green,2016,2016.0,,0,0,0,0.0,20.0,50.0,Blossom Valley International,80.83
1235,1145,2017-06-22,2017,428,farm,Guatemala,oriente,1901.64,bourbon,washed / wet,washed,green,2016,2016.0,10.0,0,0,1,4.0,25.0,69.0,Asociacion Nacional Del Café,79.75
1236,1158,2017-06-22,2017,574,farm,Guatemala,oriente,1219.0,bourbon,washed / wet,washed,green,2016,2016.0,10.0,0,0,1,2.0,25.0,69.0,Asociacion Nacional Del Café,79.67
1237,561,2017-06-22,2017,224,farm,Guatemala,san marcos,1700.0,bourbon,washed / wet,washed,green,2017,2017.0,11.0,0,1,2,1.0,50.0,69.0,Asociacion Nacional Del Café,82.83
1238,817,2017-06-22,2017,120,farm,Guatemala,santa rosa,1219.0,bourbon,washed / wet,washed,green,2017,2017.0,11.0,0,0,0,2.0,50.0,69.0,Asociacion Nacional Del Café,81.92
1239,860,2017-06-22,2017,703,farm,Guatemala,san marcos,1700.0,bourbon,washed / wet,washed,green,2017,2017.0,11.0,0,0,1,1.0,50.0,69.0,Asociacion Nacional Del Café,81.75
1240,60,2017-06-23,2017,725,farm,Ethiopia,addis ababa,,caturra,natural / dry,natural,,2017,2017.0,9.0,0,0,7,4.0,320.0,,METAD Agricultural Development plc,85.75
1241,126,2017-06-26,2017,508,farm,El Salvador,apaneca,1350.0,bourbon,washed / wet,washed,blue_green,2016,2016.0,,0,0,2,0.0,150.0,69.0,Salvadoran Coffee Council,84.67
1242,275,2017-06-30,2017,412,company,Colombia,narino,2527.0,caturra,washed / wet,washed,green,2017,2017.0,,0,1,6,0.0,275.0,70.0,Almacafé,83.83
1243,260,2017-07-03,2017,530,farm,Mexico,veracruz,1300.0,mundo novo,washed / wet,washed,green,2017,2017.0,11.0,0,0,5,0.0,200.0,69.0,Centro Agroecológico del Café A.C.,83.92
1244,1016,2017-07-07,2017,618,farm,Kenya,kiambu,1600.0,sl28,washed / wet,washed,green,2017,2017.0,11.0,0,0,3,0.0,150.0,60.0,Kenya Coffee Traders Association,80.92
1245,536,2017-07-07,2017,289,company,Colombia,guayata,1500.0,caturra,washed / wet,washed,green,2017,2017.0,11.0,0,0,1,0.0,129.0,70.0,Almacafé,82.92
1246,987,2017-07-14,2017,328,company,Ethiopia,sidamo,,,natural / dry,natural,,2016,2016.0,11.0,0,0,1,0.0,300.0,60.0,Specialty Coffee Institute of Asia,81.08
1247,1234,2017-07-18,2017,456,company,Indonesia,ijen,1300.0,java,washed / wet,washed,,2016,2016.0,13.0,0,0,1,0.0,2.0,1.0,Specialty Coffee Association of Indonesia,78.17
1248,97,2017-07-24,2017,688,farm,Uganda,eastern uganda,1800.0,sl14,washed / wet,washed,green,2016,2016.0,11.0,0,0,1,0.0,200.0,60.0,Uganda Coffee Development Authority,85.0
1249,1186,2017-07-27,2017,816,farm,Honduras,ocotepeque,1650.0,catuai,washed / wet,washed,green,2017,2017.0,11.0,0,0,5,0.0,15.0,69.0,Instituto Hondureño del Café,79.17
1250,180,2017-08-03,2017,559,farm,Kenya,nyeri,1800.0,sl28,washed / wet,washed,green,2017 / 2018,2017.0,11.0,0,0,4,0.0,150.0,60.0,Kenya Coffee Traders Association,84.33
1251,778,2017-08-03,2017,456,company,Indonesia,aceh gayo,1300.0,bourbon,washed / wet,washed,,2017,2017.0,15.0,0,0,3,0.0,2.0,1.0,Specialty Coffee Association of Indonesia,82.08
1252,584,2017-08-08,2017,456,company,Indonesia,sapan toraja,1500.0,sulawesi,other,other,blue_green,2017,2017.0,12.0,0,0,15,0.0,2.0,1.0,Specialty Coffee Association of Indonesia,82.75
1253,192,2017-08-10,2017,45,farm,Taiwan,國姓鄉 guoshing township,1000.0,typica,washed / wet,washed,blue_green,2016,2016.0,12.0,0,0,0,0.0,10.0,5.0,Specialty Coffee Association,84.25
1254,1141,2017-08-22,2017,224,farm,Guatemala,san marcos,1700.0,bourbon,washed / wet,washed,green,2017,2017.0,10.0,0,0,2,0.0,50.0,69.0,Asociacion Nacional Del Café,79.83
1255,1185,2017-08-22,2017,120,farm,Guatemala,santa rosa,1219.0,bourbon,washed / wet,washed,green,2017,2017.0,10.0,0,0,0,0.0,50.0,69.0,Asociacion Nacional Del Café,79.17
1256,583,2017-08-22,2017,574,farm,Guatemala,oriente,1219.0,bourbon,washed / wet,washed,green,2017,2017.0,10.0,0,0,1,0.0,25.0,69.0,Asociacion Nacional Del Café,82.75
1257,635,2017-08-22,2017,74,farm,Taiwan,國姓鄉 guoshing township,1050.0,typica,pulped natural / honey,honey,green,2016,2016.0,11.0,0,0,0,5.0,6.0,5.0,Specialty Coffee Association,82.58
1258,816,2017-08-22,2017,428,farm,Guatemala,oriente,1901.0,bourbon,washed / wet,washed,green,2017,2017.0,10.0,0,0,1,0.0,25.0,69.0,Asociacion Nacional Del Café,81.92
1259,834,2017-08-22,2017,574,farm,Guatemala,oriente,518.0,bourbon,washed / wet,washed,green,2017,2017.0,10.0,0,1,1,0.0,25.0,69.0,Asociacion Nacional Del Café,81.83
1260,872,2017-08-22,2017,703,farm,Guatemala,san marcos,1700.0,bourbon,washed / wet,washed,green,2017,2017.0,10.0,0,0,1,0.0,50.0,69.0,Asociacion Nacional Del Café,81.67
1261,1015,2017-08-23,2017,428,farm,Guatemala,oriente,1901.0,bourbon,washed / wet,washed,green,2017,2017.0,10.0,0,0,2,0.0,25.0,69.0,Asociacion Nacional Del Café,80.92
1262,1071,2017-08-23,2017,816,farm,Honduras,ocotepeque,1650.0,catuai,washed / wet,washed,green,2017,2017.0,11.0,0,0,5,0.0,15.0,69.0,Instituto Hondureño del Café,80.5
1263,1193,2017-08-23,2017,703,farm,Guatemala,san marcos,1700.0,bourbon,washed / wet,washed,green,2017,2017.0,10.0,0,0,1,0.0,50.0,69.0,Asociacion Nacional Del Café,79.08
1264,377,2017-08-23,2017,224,farm,Guatemala,san marcos,1700.0,bourbon,washed / wet,washed,green,2017,2017.0,10.0,0,0,3,0.0,50.0,69.0,Asociacion Nacional Del Café,83.42
1265,911,2017-08-23,2017,120,farm,Guatemala,santa rosa,1219.0,bourbon,washed / wet,washed,green,2017,2017.0,10.0,0,0,0,0.0,50.0,69.0,Asociacion Nacional Del Café,81.5
1266,442,2017-08-24,2017,451,farm,Guatemala,oriente,1901.0,bourbon,washed / wet,washed,green,2017,2017.0,10.0,0,0,1,0.0,275.0,69.0,Asociacion Nacional Del Café,83.17
1267,1140,2017-08-25,2017,573,farm,Kenya,kiambu,1500.0,sl34,washed / wet,washed,,2017,2017.0,11.0,0,0,5,1.0,200.0,,Kenya Coffee Traders Association,79.83
1268,1000,2017-08-28,2017,89,farm,El Salvador,apaneca,1450.0,bourbon,washed / wet,washed,green,2017,2017.0,,0,0,6,2.0,100.0,69.0,Salvadoran Coffee Council,81.0
1269,535,2017-08-28,2017,89,farm,El Salvador,apaneca,1350.0,bourbon,washed / wet,washed,green,2017,2017.0,,0,0,1,0.0,100.0,69.0,Salvadoran Coffee Council,82.92
1270,316,2017-09-01,2017,223,company,Kenya,meru county,1700.0,sl28,washed / wet,washed,blue_green,2017,2017.0,11.0,0,0,0,0.0,200.0,60.0,Kenya Coffee Traders Association,83.67
1271,655,2017-09-04,2017,456,company,Indonesia,bali,1250.0,other,washed / wet,washed,green,2017,2017.0,11.0,0,0,5,0.0,2.0,1.0,Specialty Coffee Association of Indonesia,82.5
1272,1070,2017-09-08,2017,712,farm,Guatemala,santa rosa,1500.0,caturra,washed / wet,washed,green,2017,2017.0,10.0,0,0,4,0.0,275.0,69.0,Asociacion Nacional Del Café,80.5
1273,582,2017-09-08,2017,120,farm,Guatemala,santa rosa,1219.0,bourbon,washed / wet,washed,green,2017,2017.0,10.0,0,0,1,0.0,50.0,69.0,Asociacion Nacional Del Café,82.75
1274,634,2017-09-08,2017,574,farm,Guatemala,oriente,1219.0,bourbon,washed / wet,washed,green,2017,2017.0,10.0,0,0,2,1.0,25.0,69.0,Asociacion Nacional Del Café,82.58
1275,676,2017-09-08,2017,224,farm,Guatemala,san marcos,1700.0,bourbon,washed / wet,washed,green,2017,2017.0,10.0,0,0,2,1.0,50.0,69.0,Asociacion Nacional Del Café,82.42
1276,581,2017-09-19,2017,703,farm,Guatemala,san marcos,1700.0,bourbon,washed / wet,washed,green,2017,2017.0,11.0,0,0,4,0.0,50.0,69.0,Asociacion Nacional Del Café,82.75
1277,675,2017-09-27,2017,602,farm,Honduras,comayagua honduras,1500.0,other,washed / wet,washed,green,2017,2017.0,12.0,0,0,6,1.0,1.0,2.0,Specialty Coffee Association,82.42
1278,298,2017-09-28,2017,412,company,Colombia,huila,442.0,caturra,washed / wet,washed,green,2017,2017.0,11.0,0,0,1,0.0,275.0,70.0,Almacafé,83.75
1279,56,2017-10-09,2017,485,farm,Panama,boquete,1600.0,gesha,washed / wet,washed,blue_green,2017,2017.0,8.0,0,0,0,1.0,37.0,60.0,Specialty Coffee Association of Costa Rica,85.83
1280,560,2017-10-13,2017,809,farm,Kenya,nyeri,1754.0,sl28,washed / wet,washed,green,2017,2017.0,10.0,0,0,3,0.0,27.0,50.0,Kenya Coffee Traders Association,82.83
1281,580,2017-10-17,2017,727,farm,Guatemala,santa rosa,1800.0,caturra,washed / wet,washed,green,2017,2017.0,11.0,0,0,8,0.0,275.0,69.0,Asociacion Nacional Del Café,82.75
1282,1254,2017-10-20,2017,736,farm,Brazil,south of minas,890.0,bourbon,natural / dry,natural,green,2017 / 2018,2017.0,,0,0,3,0.0,320.0,60.0,Brazil Specialty Coffee Association,77.33
1283,259,2017-10-20,2017,736,farm,Brazil,south of minas,890.0,bourbon,natural / dry,natural,green,2017 / 2018,2017.0,,0,0,3,0.0,320.0,60.0,Brazil Specialty Coffee Association,83.92
1284,297,2017-10-20,2017,736,farm,Brazil,south of minas,890.0,bourbon,natural / dry,natural,green,2017 / 2018,2017.0,11.0,0,0,5,0.0,320.0,60.0,Brazil Specialty Coffee Association,83.75
1285,315,2017-10-20,2017,736,farm,Brazil,south of minas,890.0,bourbon,natural / dry,natural,green,2017 / 2018,2017.0,11.0,0,0,2,0.0,320.0,60.0,Brazil Specialty Coffee Association,83.67
1286,336,2017-10-20,2017,736,farm,Brazil,south of minas,890.0,bourbon,natural / dry,natural,green,2017 / 2018,2017.0,11.0,0,0,5,0.0,320.0,60.0,Brazil Specialty Coffee Association,83.58
1287,441,2017-10-20,2017,736,farm,Brazil,south of minas,890.0,bourbon,natural / dry,natural,green,2017 / 2018,2017.0,11.0,0,0,4,0.0,320.0,60.0,Brazil Specialty Coffee Association,83.17
1288,497,2017-10-20,2017,736,farm,Brazil,south of minas,890.0,bourbon,natural / dry,natural,green,2017 / 2018,2017.0,,0,0,4,0.0,320.0,60.0,Brazil Specialty Coffee Association,83.0
1289,534,2017-10-20,2017,736,farm,Brazil,south of minas,890.0,bourbon,natural / dry,natural,green,2017 / 2018,2017.0,,0,0,0,0.0,320.0,60.0,Brazil Specialty Coffee Association,82.92
1290,608,2017-10-20,2017,260,farm,Brazil,south of minas,890.0,bourbon,natural / dry,natural,green,2017 / 2018,2017.0,,0,0,4,0.0,320.0,60.0,Brazil Specialty Coffee Association,82.67
1291,654,2017-10-20,2017,736,farm,Brazil,south of minas,890.0,bourbon,natural / dry,natural,green,2017 / 2018,2017.0,11.0,0,0,4,0.0,320.0,60.0,Brazil Specialty Coffee Association,82.5
1292,871,2017-10-20,2017,736,farm,Brazil,south of minas,890.0,bourbon,natural / dry,natural,green,2017 / 2018,2017.0,11.0,0,0,5,0.0,320.0,60.0,Brazil Specialty Coffee Association,81.67
1293,1274,2017-10-27,2017,454,company,Brazil,monte carmelo,,,natural / dry,natural,green,2017 / 2018,2017.0,11.0,0,0,6,1.0,440.0,59.0,Brazil Specialty Coffee Association,75.67
1294,1303,2017-10-27,2017,454,company,Brazil,cerrado,,,natural / dry,natural,green,2017 / 2018,2017.0,11.0,0,0,55,1.0,305.0,59.0,Brazil Specialty Coffee Association,70.67
1295,1095,2017-11-03,2017,242,farm,Brazil,cerrado monte carmelo minas gerais,995.0,catuai,natural / dry,natural,green,2017 / 2018,2017.0,11.0,0,0,1,1.0,440.0,59.0,Brazil Specialty Coffee Association,80.25
1296,233,2017-11-09,2017,412,company,Colombia,huila,442.0,caturra,washed / wet,washed,green,2017 / 2018,2017.0,,0,1,3,3.0,275.0,70.0,Almacafé,84.08
1297,376,2017-11-09,2017,412,company,Colombia,huila,439.0,caturra,washed / wet,washed,green,2017 / 2018,2017.0,,0,0,1,2.0,300.0,29.0,Almacafé,83.42
1298,735,2017-11-15,2017,608,farm,Brazil,brazil matas de minas,1100.0,catuai,washed / wet,washed,green,,,9.0,0,2,10,6.0,1062.0,5.0,Specialty Coffee Association,82.25
1299,962,2017-11-15,2017,608,farm,Brazil,matas de minas,1100.0,catuai,natural / dry,natural,green,,,11.0,0,0,0,0.0,42.0,5.0,Specialty Coffee Association,81.33
1300,159,2017-11-28,2017,730,company,Costa Rica,valle central,1200.0,caturra,washed / wet,washed,blue_green,2017 / 2018,2017.0,10.0,0,0,2,0.0,275.0,,Specialty Coffee Association of Costa Rica,84.5
1301,1115,2017-11-29,2017,665,company,Brazil,mantiqueira de minas,1100.0,bourbon,pulped natural / honey,honey,green,2017 / 2018,2017.0,11.0,0,0,5,0.0,440.0,60.0,Brazil Specialty Coffee Association,80.08
1302,1014,2017-12-08,2017,557,farm,Taiwan,taiwan,200.0,other,washed / wet,washed,blue_green,2017,2017.0,,0,0,0,0.0,150.0,1.0,Blossom Valley International,80.92
1303,1069,2017-12-08,2017,413,farm,Taiwan,taiwan,50.0,other,natural / dry,natural,blue_green,2017,2017.0,,0,0,0,0.0,20.0,5.0,Blossom Valley International,80.5
1304,579,2018-01-09,2018,49,farm,Guatemala,santa rosa,1100.0,caturra,washed / wet,washed,green,,,10.0,0,0,3,1.0,275.0,69.0,Asociacion Nacional Del Café,82.75
1305,145,2018-01-11,2018,809,farm,Kenya,nyeri,1754.0,sl34,washed / wet,washed,blue_green,,,11.0,0,0,5,0.0,66.0,60.0,Kenya Coffee Traders Association,84.58
1306,241,2018-01-11,2018,425,company,Costa Rica,,,,washed / wet,washed,,2017,2017.0,8.0,0,1,13,2.0,275.0,68.0388555,Specialty Coffee Association,84.0
1307,296,2018-01-11,2018,223,company,Kenya,nyeri,1800.0,sl28,washed / wet,washed,green,,,11.0,0,0,2,0.0,200.0,60.0,Kenya Coffee Traders Association,83.75
1308,999,2018-01-16,2018,812,farm,Brazil,grama valley,,bourbon,pulped natural / honey,honey,green,,,11.0,0,0,9,6.0,300.0,59.0,Brazil Specialty Coffee Association,81.0
1309,896,2018-01-19,2018,190,company,Honduras,western region,1200.0,catimor,washed / wet,washed,blue_green,2018,2018.0,11.0,0,0,3,1.0,275.0,69.0,Instituto Hondureño del Café,81.58
1310,#233123,2022-05-31,2022,643,farm,Ethiopia,guji,2000.0,ethiopian heirlooms,natural / dry,natural,greenish,2021 / 2022,2021.0,11.8,0,0,1,1.0,10.0,30.0,Japan Coffee Exchange,86.25
1311,#539926,2022-06-01,2022,838,farm,Vietnam,dalat,1040.0,catimor,washed / wet,washed,blue_green,2021,2021.0,10.5,0,0,0,0.0,77.0,15.0,Specialty Coffee Association,82.33
1312,#249591,2022-06-03,2022,433,farm,Vietnam,eatan commune krong nang district krong nang province,900.0,catimor,pulped natural / honey,honey,green,2021 / 2022,2021.0,13.3,0,0,4,0.0,22.0,60.0,Specialty Coffee Association,82.83
1313,#917098,2022-06-06,2022,811,farm,Ethiopia,oromia,1950.0,ethiopian heirlooms,washed / wet,washed,green,2021 / 2022,2021.0,9.9,0,0,3,2.0,320.0,60.0,METAD Agricultural Development plc,85.33
1314,#197220,2022-06-08,2022,648,farm,Taiwan,dongshan dist tainan city,650.0,gesha,pulped natural / honey,honey,green,2022,2022.0,11.3,0,0,0,0.0,20.0,5.0,Taiwan Coffee Laboratory 台灣咖啡研究室,85.25
1315,#894623,2022-06-08,2022,112,farm,Taiwan,dongshan dist tainan city,668.0,gesha,washed / wet,washed,green,2022,2022.0,11.3,0,0,0,0.0,4.0,5.0,Taiwan Coffee Laboratory 台灣咖啡研究室,85.33
1316,#940597,2022-06-08,2022,258,farm,Taiwan,dongshan dist tainan city,700.0,gesha,pulped natural / honey,honey,green,2022,2022.0,11.5,0,0,0,0.0,16.0,5.0,Taiwan Coffee Laboratory 台灣咖啡研究室,84.58
1317,#210044,2022-06-09,2022,588,farm,Nicaragua,esteli,1350.0,catrenic,natural / dry,natural,green,2021 / 2022,2021.0,9.9,0,1,2,0.0,74.0,45.0,Specialty Coffee Association,84.58
1318,#242592,2022-06-10,2022,143,farm,Peru,chanchamayo lamerced,1600.0,caturra,washed / wet,washed,greenish,2022 / 2023,2022.0,11.8,0,0,11,6.0,275.0,69.0,Japan Coffee Exchange,80.33
1319,#370112,2022-06-14,2022,94,farm,Thailand,chiang mai,1200.0,bourbon catimor caturra typica,natural / dry,natural,yellow_green,2021 / 2022,2021.0,11.2,0,0,0,0.0,6.0,50.0,Specialty Coffee Institute of Thailand,82.67
1320,#689252,2022-06-16,2022,599,farm,Colombia,quindio,1350.0,typica gesha,washed / wet,washed,greenish,2021 / 2022,2021.0,11.5,0,0,3,1.0,1.0,12.0,Japan Coffee Exchange,82.92
1321,#735285,2022-06-16,2022,474,farm,Thailand,suan ya lung,1450.0,java,washed / wet,washed,green,2022,2022.0,11.6,0,0,0,2.0,5.0,2.0,Japan Coffee Exchange,83.42
1322,#794972,2022-06-20,2022,588,farm,Nicaragua,esteli,1350.0,parainema,washed / wet,washed,green,2021 / 2022,2021.0,10.1,0,0,0,0.0,120.0,45.0,Specialty Coffee Association,82.58
1323,#647123,2022-06-22,2022,468,farm,Guatemala,quiche,1600.0,caturra,washed / wet,washed,green,2021 / 2022,2021.0,11.7,0,0,1,3.0,275.0,69.0,Asociacion Nacional Del Café,84.92
1324,#261460,2022-06-29,2022,408,farm,Uganda,rwenzori,1905.0,sl14,washed / wet,washed,green,2021 / 2022,2021.0,11.0,0,0,1,0.0,320.0,60.0,Uganda Coffee Development Authority,85.0
1325,#322731,2022-07-07,2022,354,farm,El Salvador,apaneca ilamatepec,1200.0,bourbon,washed / wet,washed,blue_green,2021 / 2022,2021.0,11.8,0,0,0,0.0,275.0,69.0,Salvadoran Coffee Council,82.33
1326,#677657,2022-07-07,2022,202,farm,Uganda,mt elgon,1650.0,sl14,washed / wet,washed,green,2021 / 2022,2021.0,10.1,0,0,3,0.0,150.0,60.0,Uganda Coffee Development Authority,83.42
1327,#571059,2022-07-11,2022,143,farm,Peru,chanchamayo la merced,1600.0,caturra,washed / wet,washed,greenish,2022 / 2023,2022.0,11.6,0,0,2,2.0,275.0,69.0,Japan Coffee Exchange,81.92
1328,#707378,2022-07-11,2022,266,farm,Nicaragua,,1100.0,caturra,washed / wet,washed,greenish,2021,2021.0,11.5,0,0,3,1.0,275.0,69.0,Japan Coffee Exchange,80.5
1329,#958749,2022-07-11,2022,252,farm,Peru,chanchamayo la merced,1600.0,caturra,washed / wet,washed,greenish,2022 / 2023,2022.0,11.7,0,0,3,1.0,275.0,69.0,Japan Coffee Exchange,82.25
1330,#989796,2022-07-11,2022,373,farm,Colombia,huila,1700.0,caturra,washed / wet,washed,green,2022,2022.0,11.8,0,0,2,1.0,250.0,70.0,Japan Coffee Exchange,82.67
1331,#126973,2022-07-14,2022,594,farm,Thailand,north of thailand,700.0,catimor,washed / wet,washed,green,2022,2022.0,10.4,0,0,0,0.0,2.0,1.0,FABB Academy of Coffee,81.17
1332,#146278,2022-07-14,2022,594,farm,Thailand,north of thailand,1390.0,caturra,washed / wet,washed,greenish,2022,2022.0,13.0,0,1,0,0.0,2.0,1.0,FABB Academy of Coffee,82.67
1333,#175322,2022-07-14,2022,594,farm,Thailand,north of thailand,1000.0,catimor,washed / wet,washed,green,2022,2022.0,9.8,0,0,0,0.0,2.0,1.0,FABB Academy of Coffee,82.0
1334,#201057,2022-07-14,2022,594,farm,Thailand,north of thailand,1400.0,typica,washed / wet,washed,yellow_green,2022,2022.0,12.3,0,0,16,0.0,2.0,1.0,FABB Academy of Coffee,83.33
1335,#223636,2022-07-14,2022,594,farm,Thailand,north of thailand,1400.0,java,washed / wet,washed,green,2022,2022.0,11.6,0,2,1,0.0,2.0,1.0,FABB Academy of Coffee,81.42
1336,#275002,2022-07-14,2022,594,farm,Thailand,north of thailand,1390.0,bourbon,washed / wet,washed,green,2022,2022.0,13.1,0,0,0,0.0,2.0,1.0,FABB Academy of Coffee,83.5
1337,#470272,2022-07-14,2022,594,farm,Thailand,north of thailand,1400.0,gayo,washed / wet,washed,yellow_green,2022,2022.0,11.8,0,0,5,0.0,2.0,1.0,FABB Academy of Coffee,82.83
1338,#420582,2022-07-20,2022,324,company,Brazil,alta mogiana ibiraci,1200.0,catuai and mundo novo,natural / dry,natural,greenish,2021 / 2022,2021.0,11.6,0,0,2,1.0,440.0,60.0,Japan Coffee Exchange,80.17
1339,#119514,2022-07-27,2022,695,farm,Colombia,huila,1550.0,caturra,washed / wet,washed,green,2022,2022.0,13.3,0,0,3,2.0,275.0,70.0,NKG Quality Service (a division of Bernhard Rothfos Intercafé AG),84.0
1340,#300720,2022-08-11,2022,823,farm,Mexico,zongolica veracruz,1350.0,bourbon,washed / wet,washed,green,2021 / 2022,2021.0,11.9,0,2,1,0.0,141.0,69.0,Centro Agroecológico del Café A.C.,82.92
1341,#587946,2022-08-11,2022,214,farm,Mexico,coatepec veracruz,1200.0,typica,washed / wet,washed,green,2021 / 2022,2021.0,11.8,0,2,2,0.0,32.0,69.0,Centro Agroecológico del Café A.C.,81.67
1342,#928398,2022-08-16,2022,739,farm,Thailand,chiang mai,1600.0,catimor,pulped natural / honey,honey,brownish,2021 / 2022,2021.0,9.8,0,0,5,0.0,2.0,1.0,FABB Academy of Coffee,85.67
1343,#183019,2022-08-17,2022,723,company,Honduras,marcala,1400.0,shg,washed / wet,washed,green,2021 / 2022,2021.0,11.2,0,0,5,1.0,260.0,69.0,Instituto Hondureño del Café,83.5
1344,#442273,2022-08-17,2022,723,company,Honduras,marcala,1400.0,catuai,washed / wet,washed,green,2021 / 2022,2021.0,11.3,0,0,5,1.0,260.0,69.0,Instituto Hondureño del Café,83.25
1345,#847918,2022-08-22,2022,111,farm,Indonesia,sumatra,1350.0,,pulped natural / honey,honey,blue_green,2022,2022.0,12.5,0,0,0,0.0,320.0,60.0,NKG Quality Service (a division of Bernhard Rothfos Intercafé AG),82.0
1346,#409732,2022-08-23,2022,126,farm,Ethiopia,ethiopia,1943.0,ethiopian heirlooms,washed / wet,washed,green,2021 / 2022,2021.0,10.9,0,0,9,0.0,584.0,30.0,Blossom Valley International宸嶧國際,84.5
1347,#241548,2022-08-26,2022,151,farm,Ethiopia,guji,1950.0,gesha,natural / dry,natural,yellow_green,2021 / 2022,2021.0,11.6,0,0,2,3.0,40.0,60.0,METAD Agricultural Development plc,86.17
1348,#989481,2022-09-01,2022,312,farm,Uganda,rwenzori,1905.0,sl14,washed / wet,washed,green,2021 / 2022,2021.0,11.1,0,0,5,0.0,320.0,60.0,Uganda Coffee Development Authority,83.33
1349,#656708,2022-09-09,2022,548,farm,Ethiopia,sidama,2000.0,ethiopian heirlooms,washed / wet,washed,green,2021 / 2022,2021.0,12.0,0,0,12,0.0,100.0,60.0,Kenya Coffee Traders Association,83.83
1350,#510790,2022-09-19,2022,457,farm,Ethiopia,addis ababa,2361.0,ethiopian heirlooms,natural / dry,natural,yellow_green,2021 / 2022,2021.0,11.0,0,0,4,5.0,320.0,60.0,METAD Agricultural Development plc,84.33
1351,#261473,2022-09-21,2022,517,farm,Colombia,piendamo cauca,1815.0,castillo,double anaerobic washed,other,green,2021 / 2022,2021.0,11.8,0,0,3,0.0,1.0,35.0,Japan Coffee Exchange,89.33
1352,#279151,2022-09-21,2022,404,farm,Thailand,nan,1350.0,catimor,natural / dry,natural,yellow,2022,2022.0,11.6,0,0,3,0.0,1.0,30.0,Japan Coffee Exchange,83.92
1353,#586625,2022-09-21,2022,513,farm,Indonesia,lintong nihuta dolok sanggul sumatera utara,1300.0,jember tim tim ateng,wet hulling,other,blue_green,2022,2022.0,11.5,0,0,1,1.0,1.0,60.0,Japan Coffee Exchange,84.25
1354,#877064,2022-09-21,2022,199,farm,Costa Rica,los santos tarrazu,1900.0,gesha,washed / wet,washed,green,2022,2022.0,11.8,0,0,0,0.0,1.0,22.0,Japan Coffee Exchange,87.17
1355,#350205,2022-09-23,2022,446,farm,Indonesia,aceh tengah,1200.0,catimor,,,blue_green,2022,2022.0,11.9,0,0,2,3.0,320.0,60.0,NKG Quality Service (a division of Bernhard Rothfos Intercafé AG),84.83
1356,#274853,2022-09-26,2022,397,company,Colombia,,,,,,greenish,2022,2022.0,12.4,0,1,9,0.0,1.0,1.0,Barista and Coffee Academy of Asia,83.67
1357,#611011,2022-09-30,2022,710,farm,Ethiopia,southern ethiopia guji,2250.0,ethiopian heirlooms,natural / dry,natural,yellow_green,2021 / 2022,2021.0,12.3,0,0,4,3.0,320.0,60.0,METAD Agricultural Development plc,85.33
1358,#913173,2022-09-30,2022,104,farm,Colombia,sierra nevada de santa marta,1100.0,caturra,washed / wet,washed,greenish,2021 / 2022,2021.0,13.5,0,0,0,0.0,2.0,1.0,FABB Academy of Coffee,83.33
1359,#741289,2022-10-04,2022,199,farm,Costa Rica,los santos tarrazu,1900.0,gesha,washed / wet,washed,green,2022,2022.0,11.7,0,0,0,1.0,1.0,22.0,Japan Coffee Exchange,84.5
1360,#259403,2022-10-24,2022,831,farm,Taiwan,caoling gukeng township yunlin county,850.0,gesha,washed / wet,washed,blue_green,2017 / 2018,2017.0,10.3,0,0,0,0.0,20.0,1.0,Blossom Valley International宸嶧國際,85.17
1361,#280845,2022-10-24,2022,73,farm,Taiwan,shibi gukeng township yunlin county 郵遞區號 taiwan r o c,1200.0,gesha,,,yellow_green,2022,2022.0,10.2,0,0,0,0.0,300.0,1.0,Blossom Valley International宸嶧國際,82.92
1362,#356700,2022-10-24,2022,737,farm,Taiwan,caoling gukeng township yunlin county,1250.0,sl34,washed / wet,washed,blue_green,2022,2022.0,10.0,0,0,0,0.0,50.0,2.0,Blossom Valley International宸嶧國際,83.67
1363,#617945,2022-10-24,2022,116,farm,Taiwan,shibi gukeng township yunlin county 郵遞區號 taiwan r o c,1300.0,gesha,natural / dry,natural,yellow_green,2022,2022.0,10.3,0,0,0,0.0,5.0,2.0,Blossom Valley International宸嶧國際,86.08
1364,#814850,2022-10-24,2022,626,farm,Taiwan,gukeng township yunlin county,1200.0,gesha,natural / dry,natural,brownish,2021 / 2022,2021.0,11.0,0,0,1,0.0,8.0,1.0,Blossom Valley International宸嶧國際,85.92
1365,#709384,2022-11-03,2022,83,company,Guatemala,antigua,1400.0,caturra,washed / wet,washed,greenish,2022,2022.0,10.3,0,0,1,0.0,540.0,30.0,Taiwan Coffee Laboratory 台灣咖啡研究室,81.92
1366,#489089,2022-11-09,2022,134,farm,United States (Hawaii),ka u district of big island,1300.0,catuai,washed / wet,washed,yellow_green,2022,2022.0,10.1,0,3,7,0.0,10.0,10.0,Taiwan Coffee Laboratory 台灣咖啡研究室,84.33
1367,#777610,2022-11-09,2022,692,farm,"Tanzania, United Republic Of",mbeya,1654.0,bourbon,washed / wet,washed,greenish,2022 / 2023,2022.0,11.2,0,0,0,0.0,620.0,30.0,Kenya Coffee Traders Association,84.83
1368,#886281,2022-11-09,2022,2,farm,United States (Hawaii),kona district of big island,1200.0,typica,washed / wet,washed,green,2022,2022.0,10.6,0,1,5,0.0,3.0,30.0,Taiwan Coffee Laboratory 台灣咖啡研究室,82.17
1369,#217253,2022-11-11,2022,729,company,Laos,bolaven plateau,1300.0,catimor,washed / wet,washed,green,2021 / 2022,2021.0,11.6,0,0,11,9.0,343.0,60.0,Japan Coffee Exchange,79.67
1370,#125800,2022-11-15,2022,661,farm,Myanmar,south shan state,1400.0,catimor catuai caturra bourbon,natural / dry,natural,yellow,2022,2022.0,10.2,0,0,1,1.0,100.0,30.0,Taiwan Coffee Laboratory 台灣咖啡研究室,83.67
1371,#126358,2022-11-15,2022,255,farm,Guatemala,acatenango,2000.0,gesha,natural / dry,natural,brownish,2021,2021.0,11.5,0,0,1,0.0,5.0,15.0,Taiwan Coffee Laboratory 台灣咖啡研究室,86.25
1372,#127725,2022-11-15,2022,737,farm,Taiwan,yunlin,1250.0,sl34,washed / wet,washed,blue_green,2021 / 2022,2021.0,10.6,0,0,0,0.0,4.0,50.0,Taiwan Coffee Laboratory 台灣咖啡研究室,85.58
1373,#154686,2022-11-15,2022,482,farm,Honduras,san jose la paz,1470.0,parainema,natural / dry,natural,yellow,2021,2021.0,11.1,0,0,1,2.0,9.0,15.0,Taiwan Coffee Laboratory 台灣咖啡研究室,83.67
1374,#187142,2022-11-15,2022,170,company,United States (Hawaii),ka u,500.0,typica,washed / wet,washed,green,2022,2022.0,11.8,0,0,3,3.0,4.0,15.0,Taiwan Coffee Laboratory 台灣咖啡研究室,83.83
1375,#194737,2022-11-15,2022,240,farm,Guatemala,chimaltenango,1668.0,gesha,washed / wet,washed,green,2022,2022.0,10.7,0,0,2,0.0,5.0,30.0,Taiwan Coffee Laboratory 台灣咖啡研究室,87.0
1376,#203399,2022-11-15,2022,65,farm,El Salvador,chalatenango,1500.0,pacamara,pulped natural / honey,honey,brownish,2021,2021.0,10.3,0,0,4,0.0,20.0,30.0,Taiwan Coffee Laboratory 台灣咖啡研究室,84.33
1377,#231917,2022-11-15,2022,831,farm,Taiwan,yunlin,850.0,gesha,washed / wet,washed,blue_green,2021 / 2022,2021.0,10.1,0,0,1,0.0,1.0,100.0,Taiwan Coffee Laboratory 台灣咖啡研究室,84.42
1378,#280251,2022-11-15,2022,578,farm,Taiwan,yunlin,800.0,gesha,natural / dry,natural,yellow_green,2021 / 2022,2021.0,10.1,0,0,0,0.0,6.0,50.0,Taiwan Coffee Laboratory 台灣咖啡研究室,85.0
1379,#295641,2022-11-15,2022,69,farm,United States (Hawaii),kona,640.0,maragogype,washed / wet,washed,blue_green,2022,2022.0,11.7,0,0,1,0.0,4.0,15.0,Taiwan Coffee Laboratory 台灣咖啡研究室,82.5
1380,#434200,2022-11-15,2022,293,farm,Taiwan,chiayi,1100.0,typica sl34,washed / wet,washed,blue_green,2021 / 2022,2021.0,10.1,0,0,0,0.0,1.0,40.0,Taiwan Coffee Laboratory 台灣咖啡研究室,83.42
1381,#443473,2022-11-15,2022,53,farm,Taiwan,yunlin,1250.0,gesha,washed / wet,washed,green,2021 / 2022,2021.0,11.9,0,0,0,0.0,1.0,60.0,Taiwan Coffee Laboratory 台灣咖啡研究室,86.25
1382,#458680,2022-11-15,2022,174,farm,Taiwan,nantou,1400.0,sl34,washed / wet,washed,green,2021 / 2022,2021.0,10.4,0,0,0,0.0,1.0,30.0,Taiwan Coffee Laboratory 台灣咖啡研究室,84.75
1383,#460896,2022-11-15,2022,549,farm,Laos,laos borofen plateau,1300.0,java,semi washed,semi_washed,yellow,2021 / 2022,2021.0,10.4,0,0,2,0.0,19.0,25.0,Taiwan Coffee Laboratory 台灣咖啡研究室,87.42
1384,#462111,2022-11-15,2022,206,farm,Taiwan,chiayi,1250.0,gesha,washed / wet,washed,green,2021 / 2022,2021.0,9.1,0,0,0,0.0,1.0,27.0,Taiwan Coffee Laboratory 台灣咖啡研究室,86.92
1385,#494650,2022-11-15,2022,99,farm,Taiwan,chiayi,1100.0,sl34,pulped natural / honey,honey,green,2021 / 2022,2021.0,10.2,0,0,0,0.0,1.0,60.0,Taiwan Coffee Laboratory 台灣咖啡研究室,86.08
1386,#529473,2022-11-15,2022,398,farm,Honduras,san andres lempira,1800.0,typica,pulped natural / honey,honey,green,2021 / 2022,2021.0,9.4,0,0,0,0.0,16.0,30.0,Taiwan Coffee Laboratory 台灣咖啡研究室,84.0
1387,#531918,2022-11-15,2022,760,farm,Taiwan,chiayi,1200.0,gesha,washed / wet,washed,blue_green,2021 / 2022,2021.0,10.5,0,0,0,0.0,1.0,80.0,Taiwan Coffee Laboratory 台灣咖啡研究室,87.58
1388,#625390,2022-11-15,2022,376,farm,Thailand,chiang rai,1400.0,typica bourbon caturra catimor,natural / dry,natural,yellow,2021,2021.0,10.5,0,0,5,0.0,5.0,15.0,Taiwan Coffee Laboratory 台灣咖啡研究室,81.33
1389,#655504,2022-11-15,2022,458,farm,Colombia,tolima,1850.0,caturra,washed / wet,washed,green,2021 / 2022,2021.0,10.6,0,0,0,0.0,70.0,35.0,Taiwan Coffee Laboratory 台灣咖啡研究室,86.17
1390,#680765,2022-11-15,2022,800,farm,Peru,villa rica,1750.0,gesha,washed / wet,washed,greenish,2022,2022.0,10.7,0,0,0,0.0,3.0,5.0,Taiwan Coffee Laboratory 台灣咖啡研究室,84.83
1391,#693585,2022-11-15,2022,576,farm,Colombia,tolima,1800.0,bourbon sidra,pulped natural / honey,honey,greenish,2022,2022.0,10.6,0,0,1,0.0,40.0,35.0,Taiwan Coffee Laboratory 台灣咖啡研究室,83.75
1392,#695532,2022-11-15,2022,129,farm,Taiwan,chiayi,1250.0,gesha,washed / wet,washed,green,2021 / 2022,2021.0,11.2,0,0,2,0.0,1.0,80.0,Taiwan Coffee Laboratory 台灣咖啡研究室,84.58
1393,#699883,2022-11-15,2022,28,farm,Taiwan,chiayi,1300.0,sl34,natural / dry,natural,greenish,2021 / 2022,2021.0,9.5,0,0,0,0.0,1.0,25.0,Taiwan Coffee Laboratory 台灣咖啡研究室,84.83
1394,#717129,2022-11-15,2022,329,farm,Taiwan,chiayi,1300.0,gesha,natural / dry,natural,green,2021 / 2022,2021.0,9.1,0,0,2,0.0,1.0,100.0,Taiwan Coffee Laboratory 台灣咖啡研究室,85.5
1395,#736196,2022-11-15,2022,802,farm,Taiwan,chiayi,1200.0,gesha,washed / wet,washed,blue_green,2021 / 2022,2021.0,9.5,0,0,0,0.0,1.0,100.0,Taiwan Coffee Laboratory 台灣咖啡研究室,85.25
1396,#740616,2022-11-15,2022,232,farm,Taiwan,chiayi,1250.0,sl34,washed / wet,washed,greenish,2021 / 2022,2021.0,10.8,0,0,0,0.0,1.0,30.0,Taiwan Coffee Laboratory 台灣咖啡研究室,86.67
1397,#741300,2022-11-15,2022,344,farm,Taiwan,chiayi,1060.0,gesha,natural / dry,natural,blue_green,2021 / 2022,2021.0,10.2,0,0,0,0.0,1.0,85.0,Taiwan Coffee Laboratory 台灣咖啡研究室,85.5
1398,#797281,2022-11-15,2022,318,farm,Vietnam,quang tri,650.0,catimor,natural / dry,natural,brownish,2021 / 2022,2021.0,11.6,0,0,0,0.0,3.0,5.0,Taiwan Coffee Laboratory 台灣咖啡研究室,84.58
1399,#814258,2022-11-15,2022,816,farm,Honduras,marcala la paz,1600.0,lempira,washed / wet,washed,blue_green,2021,2021.0,10.5,0,0,3,0.0,9.0,15.0,Taiwan Coffee Laboratory 台灣咖啡研究室,83.25
1400,#829336,2022-11-15,2022,163,farm,United States (Hawaii),kona,600.0,typica,washed / wet,washed,green,2021 / 2022,2021.0,9.3,0,0,0,0.0,80.0,15.0,Taiwan Coffee Laboratory 台灣咖啡研究室,85.42
1401,#852126,2022-11-15,2022,11,farm,Taiwan,yunlin,750.0,sl34,washed / wet,washed,blue_green,2021 / 2022,2021.0,10.7,0,0,1,0.0,1.0,100.0,Taiwan Coffee Laboratory 台灣咖啡研究室,83.33
1402,#864968,2022-11-15,2022,674,farm,Costa Rica,west villege,1450.0,sl28,pulped natural / honey,honey,yellow,2021,2021.0,11.8,0,0,1,0.0,10.0,30.0,Taiwan Coffee Laboratory 台灣咖啡研究室,82.75
1403,#876726,2022-11-15,2022,714,farm,Mexico,veracruz,1340.0,pacamara,washed / wet,washed,yellow,2021,2021.0,10.7,0,0,0,0.0,10.0,15.0,Taiwan Coffee Laboratory 台灣咖啡研究室,82.5
1404,#888419,2022-11-15,2022,73,farm,Taiwan,yunlin,1200.0,gesha,natural / dry,natural,green,2021 / 2022,2021.0,10.6,0,0,0,0.0,1.0,90.0,Taiwan Coffee Laboratory 台灣咖啡研究室,85.5
1405,#903758,2022-11-15,2022,537,farm,Guatemala,new oriente,1900.0,gesha,natural / dry,natural,greenish,2021,2021.0,11.9,0,0,0,0.0,1.0,15.0,Taiwan Coffee Laboratory 台灣咖啡研究室,83.92
1406,#917862,2022-11-15,2022,561,farm,Taiwan,chiayi,1450.0,sl34,natural / dry,natural,green,2021 / 2022,2021.0,10.3,0,0,0,0.0,1.0,104.0,Taiwan Coffee Laboratory 台灣咖啡研究室,84.58
1407,#918509,2022-11-15,2022,281,farm,Taiwan,chiayi,1200.0,sl34 gesha,natural / dry,natural,yellow_green,2021 / 2022,2021.0,10.0,0,0,1,0.0,1.0,90.0,Taiwan Coffee Laboratory 台灣咖啡研究室,86.75
1408,#978770,2022-11-15,2022,92,farm,Guatemala,guatemala fraijanes santa rosa,1900.0,gesha,natural / dry,natural,yellow,2021 / 2022,2021.0,11.6,0,0,0,0.0,8.0,30.0,Taiwan Coffee Laboratory 台灣咖啡研究室,85.75
1409,#988330,2022-11-15,2022,305,farm,Taiwan,yunlin,800.0,gesha,natural / dry,natural,yellow_green,2021 / 2022,2021.0,10.6,0,0,0,0.0,1.0,80.0,Taiwan Coffee Laboratory 台灣咖啡研究室,84.08
1410,#791934,2022-11-18,2022,386,farm,Ethiopia,sidama,1800.0,ethiopian heirlooms,washed / wet,washed,green,2021 / 2022,2021.0,11.3,0,1,1,1.0,300.0,60.0,Centro Agroecológico del Café A.C.,84.0
1411,#605124,2022-11-21,2022,639,farm,"Tanzania, United Republic Of",kilimanjaro,1550.0,bourbon,washed / wet,washed,greenish,2022 / 2023,2022.0,11.6,0,0,2,0.0,320.0,60.0,Kenya Coffee Traders Association,84.0
1412,#656152,2022-11-28,2022,102,farm,Guatemala,oriente,1450.0,,washed / wet,washed,blue_green,2021 / 2022,2021.0,11.5,0,0,2,1.0,275.0,69.0,Japan Coffee Exchange,82.0
1413,#947066,2022-11-30,2022,106,farm,Ethiopia,oromia,1700.0,ethiopian heirlooms,washed / wet,washed,greenish,2021 / 2022,2021.0,10.4,0,0,11,1.0,320.0,,METAD Agricultural Development plc,83.5
1414,#389965,2022-12-12,2022,519,farm,Taiwan,壽豐鄉shoufeng township,200.0,typica,washed / wet,washed,blue_green,2022,2022.0,11.4,0,0,0,0.0,3.0,48.0,Taiwan Coffee Laboratory 台灣咖啡研究室,85.42
1415,#423394,2022-12-12,2022,106,farm,Ethiopia,oromia,1700.0,ethiopian heirlooms,washed / wet,washed,greenish,2021 / 2022,2021.0,9.4,0,0,1,1.0,320.0,,METAD Agricultural Development plc,85.25
1416,#439097,2022-12-12,2022,131,farm,Taiwan,玉里鎮yuli township,400.0,typica,natural / dry,natural,green,2021 / 2022,2021.0,10.2,0,0,0,0.0,1.0,20.0,Taiwan Coffee Laboratory 台灣咖啡研究室,84.5
1417,#546930,2022-12-12,2022,0,farm,Taiwan,秀林鄉show linxia township,400.0,typica,natural / dry,natural,brownish,2022,2022.0,10.0,0,0,0,0.0,1.0,10.0,Taiwan Coffee Laboratory 台灣咖啡研究室,85.08
1418,#778206,2022-12-12,2022,519,farm,Taiwan,壽豐鄉shoufeng township,200.0,typica,washed / wet,washed,green,2022,2022.0,10.8,0,0,0,0.0,3.0,50.0,Taiwan Coffee Laboratory 台灣咖啡研究室,85.33
1419,#948279,2022-12-12,2022,127,farm,Taiwan,卓溪鄉zhuoxi township,850.0,typica,natural / dry,natural,green,2022,2022.0,10.4,0,0,0,0.0,1.0,20.0,Taiwan Coffee Laboratory 台灣咖啡研究室,85.67
1420,#952428,2022-12-12,2022,383,farm,Taiwan,壽豐鄉shoufeng township,150.0,typica,,,green,2021 / 2022,2021.0,10.9,0,0,0,0.0,1.0,50.0,Taiwan Coffee Laboratory 台灣咖啡研究室,85.0
1421,#955194,2022-12-12,2022,245,farm,Madagascar,itasy,1500.0,bourbon,washed / wet,washed,blue_green,2022,2022.0,12.1,0,0,0,0.0,5.0,60.0,NKG Quality Service (a division of Bernhard Rothfos Intercafé AG),84.25
1422,#300209,2022-12-22,2022,717,farm,Colombia,cauca,1550.0,caturra colombia castillo,washed / wet,washed,greenish,2021 / 2022,2021.0,11.4,0,0,2,2.0,1.0,30.0,Japan Coffee Exchange,81.17
1423,#106719,2022-12-30,2022,267,farm,Laos,nongluang bolaven plateau champasack lao pdr,1250.0,catimor,natural / dry,natural,brownish,2022,2022.0,11.8,0,0,7,0.0,26.0,60.0,Specialty Coffee Association of Indonesia,83.08
1424,#275886,2022-12-30,2022,279,farm,Colombia,santander,1574.0,santander,washed / wet,washed,yellow_green,2021,2021.0,11.2,0,0,0,0.0,275.0,70.0,Taiwan Coffee Laboratory 台灣咖啡研究室,81.75
1425,#448890,2022-12-30,2022,418,farm,Brazil,sul de minas,950.0,catucai,natural / dry,natural,yellow_green,2021,2021.0,11.1,0,0,0,0.0,325.0,59.0,Taiwan Coffee Laboratory 台灣咖啡研究室,81.75
1426,#451085,2022-12-30,2022,375,farm,Nicaragua,matagalpa nicaragua,1275.0,caturra catuai,washed / wet,washed,blue_green,2021 / 2022,2021.0,11.4,0,0,0,0.0,275.0,69.0,Taiwan Coffee Laboratory 台灣咖啡研究室,82.42
1427,#874548,2022-12-30,2022,821,farm,Taiwan,台灣屏東,1200.0,yellow bourbon,pulped natural / honey,honey,blue_green,2021 / 2022,2021.0,10.0,0,0,0,0.0,1.0,2.0,Taiwan Coffee Laboratory 台灣咖啡研究室,84.75
1428,#917199,2022-12-30,2022,572,farm,Guatemala,new oriente huehuetenango,1302.5,marsellesa catuai caturra marsellesa anacafe 14 catuai,washed / wet,washed,green,2021,2021.0,11.4,0,0,0,0.0,320.0,60.0,Taiwan Coffee Laboratory 台灣咖啡研究室,83.33
1429,#994657,2022-12-30,2022,775,farm,Taiwan,台灣屏東,1000.0,typica,washed / wet,washed,greenish,2021 / 2022,2021.0,10.5,0,0,0,0.0,1.0,2.0,Taiwan Coffee Laboratory 台灣咖啡研究室,85.08
1430,#431038,2023-01-03,2023,639,farm,"Tanzania, United Republic Of",kilimanjaro,1550.0,bourbon,washed / wet,washed,greenish,2022 / 2023,2022.0,10.4,0,0,8,0.0,320.0,60.0,Kenya Coffee Traders Association,83.25
1431,#778301,2023-01-03,2023,93,farm,"Tanzania, United Republic Of",arusha,1675.0,bourbon,washed / wet,washed,greenish,2022 / 2023,2022.0,9.8,0,0,3,0.0,200.0,60.0,Kenya Coffee Traders Association,84.0
1432,#105052,2023-01-06,2023,303,farm,Taiwan,苗栗縣,460.0,unknown,pulped natural / honey,honey,greenish,2021 / 2022,2021.0,8.1,0,0,3,0.0,1.0,60.0,Taiwan Coffee Laboratory 台灣咖啡研究室,82.08
1433,#114041,2023-01-06,2023,372,farm,Taiwan,新北市,150.0,unknown,pulped natural / honey,honey,greenish,2021 / 2022,2021.0,10.8,0,0,2,0.0,1.0,110.0,Taiwan Coffee Laboratory 台灣咖啡研究室,84.08
1434,#127584,2023-01-06,2023,824,farm,Taiwan,新竹縣,300.0,unknown,pulped natural / honey,honey,greenish,2021 / 2022,2021.0,9.2,0,0,0,0.0,1.0,13.0,Taiwan Coffee Laboratory 台灣咖啡研究室,83.67
1435,#128172,2023-01-06,2023,393,farm,Taiwan,桃園市,300.0,typica,washed / wet,washed,green,2021 / 2022,2021.0,9.6,0,0,1,0.0,1.0,80.0,Taiwan Coffee Laboratory 台灣咖啡研究室,83.33
1436,#142692,2023-01-06,2023,656,farm,Taiwan,新竹縣,140.0,unknown,natural / dry,natural,green,2021 / 2022,2021.0,10.8,0,0,1,0.0,1.0,5.0,Taiwan Coffee Laboratory 台灣咖啡研究室,82.33
1437,#150681,2023-01-06,2023,395,farm,Taiwan,新竹縣,275.0,typica,pulped natural / honey,honey,green,2021 / 2022,2021.0,9.1,0,0,0,0.0,1.0,10.0,Taiwan Coffee Laboratory 台灣咖啡研究室,83.58
1438,#211361,2023-01-06,2023,304,farm,Taiwan,苗栗縣,165.0,unknow,natural / dry,natural,green,2021 / 2022,2021.0,9.8,0,0,0,0.0,1.0,4.0,Taiwan Coffee Laboratory 台灣咖啡研究室,82.58
1439,#240429,2023-01-06,2023,156,farm,Taiwan,新竹縣,250.0,typica,pulped natural / honey,honey,greenish,2021 / 2022,2021.0,9.6,0,0,0,0.0,1.0,16.0,Taiwan Coffee Laboratory 台灣咖啡研究室,84.58
1440,#300191,2023-01-06,2023,631,farm,Brazil,regiao vulcanica,1250.0,,pulped natural / honey,honey,green,2022,2022.0,11.3,0,2,3,0.0,25.0,60.0,Brazil Specialty Coffee Association,85.5
1441,#348647,2023-01-06,2023,597,farm,Taiwan,桃園市,600.0,unknown,washed / wet,washed,blue_green,2021 / 2022,2021.0,9.7,0,0,0,0.0,1.0,3.0,Taiwan Coffee Laboratory 台灣咖啡研究室,82.08
1442,#405157,2023-01-06,2023,637,farm,Taiwan,新竹縣,275.0,typica,pulped natural / honey,honey,blue_green,2021 / 2022,2021.0,8.9,0,0,0,0.0,1.0,12.0,Taiwan Coffee Laboratory 台灣咖啡研究室,82.92
1443,#526397,2023-01-06,2023,400,farm,Taiwan,苗栗縣,1150.0,unknown,washed / wet,washed,green,2021 / 2022,2021.0,9.6,0,0,1,0.0,1.0,,Taiwan Coffee Laboratory 台灣咖啡研究室,83.25
1444,#531106,2023-01-06,2023,211,farm,Taiwan,新北市,300.0,typica,pulped natural / honey,honey,yellow_green,2021 / 2022,2021.0,9.0,0,0,0,0.0,1.0,100.0,Taiwan Coffee Laboratory 台灣咖啡研究室,81.58
1445,#541397,2023-01-06,2023,452,farm,Taiwan,新竹縣,230.0,yellow bourbon,natural / dry,natural,brownish,2021 / 2022,2021.0,9.7,0,0,0,0.0,1.0,4.0,Taiwan Coffee Laboratory 台灣咖啡研究室,84.83
1446,#547819,2023-01-06,2023,793,farm,Taiwan,新竹縣,139.0,unknown,washed / wet,washed,green,2021 / 2022,2021.0,8.4,0,0,2,0.0,1.0,200.0,Taiwan Coffee Laboratory 台灣咖啡研究室,82.5
1447,#553743,2023-01-06,2023,193,farm,Taiwan,臺北市,435.0,unknown,pulped natural / honey,honey,green,2021 / 2022,2021.0,8.5,0,0,0,0.0,1.0,8.0,Taiwan Coffee Laboratory 台灣咖啡研究室,81.5
1448,#599652,2023-01-06,2023,476,farm,Taiwan,新竹縣,375.0,typica,washed / wet,washed,green,2021 / 2022,2021.0,9.5,0,0,2,0.0,1.0,13.0,Taiwan Coffee Laboratory 台灣咖啡研究室,84.92
1449,#663913,2023-01-06,2023,125,farm,Taiwan,桃園市,300.0,typica,pulped natural / honey,honey,green,2021 / 2022,2021.0,11.3,0,0,0,0.0,1.0,6.0,Taiwan Coffee Laboratory 台灣咖啡研究室,81.83
1450,#725808,2023-01-06,2023,747,farm,Taiwan,苗栗縣,800.0,gesha,washed / wet,washed,yellow,2021 / 2022,2021.0,10.0,0,0,5,0.0,1.0,50.0,Taiwan Coffee Laboratory 台灣咖啡研究室,85.08
1451,#744798,2023-01-06,2023,694,farm,Taiwan,新竹縣,325.0,unknown,natural / dry,natural,green,2021 / 2022,2021.0,8.4,0,0,0,0.0,1.0,10.0,Taiwan Coffee Laboratory 台灣咖啡研究室,83.58
1452,#748900,2023-01-06,2023,550,farm,Taiwan,苗栗縣,340.0,unknown,washed / wet,washed,blue_green,2021 / 2022,2021.0,11.8,0,0,0,0.0,1.0,100.0,Taiwan Coffee Laboratory 台灣咖啡研究室,83.17
1453,#760524,2023-01-06,2023,653,farm,Taiwan,苗栗縣,520.0,unknown,pulped natural / honey,honey,blue_green,2021 / 2022,2021.0,11.3,0,0,0,0.0,1.0,,Taiwan Coffee Laboratory 台灣咖啡研究室,84.5
1454,#764728,2023-01-06,2023,175,farm,Taiwan,新竹縣,250.0,typica,natural / dry,natural,greenish,2021 / 2022,2021.0,9.7,0,0,2,0.0,1.0,16.0,Taiwan Coffee Laboratory 台灣咖啡研究室,83.17
1455,#895349,2023-01-06,2023,135,farm,Taiwan,苗栗縣,465.0,caturra,washed / wet,washed,blue_green,2021 / 2022,2021.0,8.4,0,0,2,0.0,1.0,32.0,Taiwan Coffee Laboratory 台灣咖啡研究室,82.58
1456,#918443,2023-01-06,2023,607,farm,Taiwan,新竹縣,250.0,typica,pulped natural / honey,honey,greenish,2021 / 2022,2021.0,9.7,0,0,0,0.0,1.0,8.0,Taiwan Coffee Laboratory 台灣咖啡研究室,83.33
1457,#934594,2023-01-06,2023,54,farm,Taiwan,桃園市,500.0,unknown,washed / wet,washed,green,2021 / 2022,2021.0,8.2,0,0,1,0.0,1.0,20.0,Taiwan Coffee Laboratory 台灣咖啡研究室,82.0
1458,#882894,2023-01-12,2023,150,farm,Colombia,huila,1600.0,,washed / wet,washed,green,2021 / 2022,2021.0,11.9,0,0,0,0.0,275.0,,ASOCIACIÓN COLOMBIANA PARA LA EXCELENCIA DEL CAFE,84.08
1459,#449544,2023-01-13,2023,709,farm,Colombia,huila,1650.0,caturra,washed / wet,washed,blue_green,2022 / 2023,2022.0,13.1,0,0,1,0.0,600.0,30.0,ASOCIACIÓN COLOMBIANA PARA LA EXCELENCIA DEL CAFE,83.0
1460,#329719,2023-01-18,2023,586,farm,Colombia,popayan cauca,1700.0,caturra,washed / wet,washed,blue_green,2022,2022.0,12.2,0,0,2,0.0,600.0,30.0,ASOCIACIÓN COLOMBIANA PARA LA EXCELENCIA DEL CAFE,83.5
1461,#995570,2023-01-30,2023,832,farm,Nicaragua,matagalpa,1200.0,shg,natural / dry,natural,green,2022 / 2023,2022.0,10.5,0,5,1,2.0,275.0,69.0,Asociación de Cafés Especiales de Nicaragua,82.75
1462,#170699,2023-02-01,2023,639,farm,"Tanzania, United Republic Of",kilimanjaro,1550.0,bourbon,washed / wet,washed,greenish,2022 / 2023,2022.0,11.0,0,0,0,0.0,320.0,60.0,Kenya Coffee Traders Association,86.5
1463,#346202,2023-02-01,2023,606,farm,"Tanzania, United Republic Of",arusha,1585.0,bourbon,washed / wet,washed,greenish,2022 / 2023,2022.0,10.0,0,0,0,0.0,200.0,30.0,Kenya Coffee Traders Association,85.83
1464,#319783,2023-02-02,2023,154,farm,Brazil,sul de minas,950.0,mundo novo,natural / dry,natural,green,2022 / 2023,2022.0,11.4,0,0,4,0.0,2240.0,60.0,Brazil Specialty Coffee Association,80.08
1465,#508075,2023-02-13,2023,636,farm,Brazil,campo das vertentes,1100.0,yellow bourbon,double carbonic maceration / natural,other,green,2022,2022.0,11.2,0,0,5,1.0,5.0,36.0,Japan Coffee Exchange,84.75
1466,#914711,2023-02-13,2023,603,farm,Brazil,sul de minas,950.0,mundo novo,natural / dry,natural,green,2022 / 2023,2022.0,11.6,0,0,4,0.0,960.0,60.0,Brazil Specialty Coffee Association,83.25
1467,#112317,2023-02-21,2023,354,farm,El Salvador,apaneca ilamatepec,1200.0,bourbon,washed / wet,washed,green,2022 / 2023,2022.0,12.0,0,0,10,7.0,600.0,30.0,Salvadoran Coffee Council,82.33
1468,#858598,2023-02-22,2023,439,company,Colombia,cauca,1700.0,caturra,washed / wet,washed,green,2022 / 2023,2022.0,12.1,0,2,5,5.0,285.0,70.0,ASOCIACIÓN COLOMBIANA PARA LA EXCELENCIA DEL CAFE,83.83
1469,#614786,2023-02-23,2023,26,farm,Guatemala,santa rosa,1432.0,catuai,washed / wet,washed,green,2022 / 2023,2022.0,11.3,0,0,4,0.0,632.0,30.0,Asociacion Nacional Del Café,85.0
1470,#387213,2023-02-28,2023,630,farm,Kenya,central,1750.0,sl28,washed / wet,washed,greenish,2022 / 2023,2022.0,9.2,0,0,1,0.0,300.0,60.0,Kenya Coffee Traders Association,85.25
1471,#723401,2023-03-03,2023,832,farm,Nicaragua,matagalpa,1200.0,shg,natural / dry,natural,green,2022 / 2023,2022.0,10.4,0,0,12,2.0,300.0,30.0,Asociación de Cafés Especiales de Nicaragua,80.0
1472,#840458,2023-03-03,2023,354,farm,El Salvador,apaneca ilamatepec,1200.0,bourbon,washed / wet,washed,green,2022 / 2023,2022.0,11.3,0,0,2,0.0,600.0,30.0,Salvadoran Coffee Council,82.5
1473,#270359,2023-03-06,2023,210,farm,Colombia,popayan cauca,1975.0,red bourbon,"honey,mossto",honey,yellow_green,2022,2022.0,11.6,0,0,2,2.0,2.0,24.0,Japan Coffee Exchange,87.08
1474,#483718,2023-03-06,2023,660,farm,Colombia,caicedonia valle del cauca,1600.0,castillo caturra bourbon,washed / wet,washed,greenish,2022,2022.0,11.0,0,0,3,3.0,3.0,10.0,Japan Coffee Exchange,80.42
1475,#181854,2023-03-08,2023,568,farm,El Salvador,volcan chinchontepek san vicente el salvador,1300.0,pacas,natural / dry,natural,blue_green,2023,2023.0,11.5,0,0,7,10.0,1.0,2.0,Salvadoran Coffee Council,80.33
1476,#829408,2023-03-08,2023,203,farm,El Salvador,volcan chinchontepek san vicente el salvador,1400.0,bourbon,natural / dry,natural,blue_green,2023,2023.0,10.5,0,0,7,8.0,1.0,2.0,Salvadoran Coffee Council,80.83
1477,#772299,2023-03-14,2023,424,farm,Uganda,rwenzori,1806.0,sl14,washed / wet,washed,green,2022 / 2023,2022.0,11.5,0,0,3,0.0,320.0,60.0,Uganda Coffee Development Authority,81.83
1478,#902618,2023-03-22,2023,47,company,Guatemala,oriente santa rosa,1550.0,caturra,washed / wet,washed,green,2022 / 2023,2022.0,11.0,0,0,2,1.0,430.0,30.0,Asociacion Nacional Del Café,84.08
1479,#932904,2023-03-22,2023,47,company,Guatemala,sierra de las minas,1550.0,caturra,washed / wet,washed,green,2022 / 2023,2022.0,11.0,0,0,2,2.0,200.0,30.0,Asociacion Nacional Del Café,84.0
1480,#594815,2023-03-29,2023,735,farm,Costa Rica,corralillo tarrazu,1500.0,caturra,washed / wet,washed,green,2018 / 2019,2018.0,10.5,0,1,8,2.0,500.0,30.0,Specialty Coffee Association of Costa Rica,82.0
1481,#793199,2023-03-29,2023,374,farm,Costa Rica,occidente,1200.0,caturra,washed / wet,washed,green,2022 / 2023,2022.0,9.7,0,0,4,2.0,100.0,69.0,Specialty Coffee Association of Costa Rica,81.58
1482,#984405,2023-04-05,2023,410,farm,Mexico,chiapas,1200.0,sarchimor,washed / wet,washed,green,2022 / 2023,2022.0,11.7,0,4,12,0.0,600.0,30.0,Centro Agroecológico del Café A.C.,83.75
1483,#138975,2023-04-07,2023,756,farm,Colombia,quindio,1390.0,red bourbon caturra,anaerobico 1000h,other,brownish,2022,2022.0,10.9,0,0,2,0.0,2.0,12.0,Japan Coffee Exchange,83.25
1484,#367114,2023-04-07,2023,186,farm,Colombia,quindio,1350.0,castillo paraguaycito,,,brownish,2022,2022.0,11.3,0,0,2,0.0,6.0,5.0,Japan Coffee Exchange,85.67
1485,#638524,2023-04-07,2023,80,farm,Ethiopia,gedeb yirgacheffe sidamo,2000.0,wolishalo kurume dega,washed / wet,washed,green,2022,2022.0,11.3,0,0,2,2.0,8.0,5.0,Japan Coffee Exchange,86.08
1486,#801129,2023-04-07,2023,122,farm,Brazil,mantiquira de minas,1000.0,yellow catuai,pulped natural / honey,honey,yellow,2022,2022.0,11.3,0,0,2,0.0,14.0,5.0,Japan Coffee Exchange,81.83
1487,#824584,2023-04-07,2023,48,farm,Kenya,kericho,1725.0,sl28 sl34 ruiru11,washed / wet,washed,green,2022,2022.0,11.2,0,0,2,0.0,13.0,5.0,Japan Coffee Exchange,82.17
1488,#208327,2023-04-10,2023,164,farm,Vietnam,lam dong province,1646.0,catimor,pulped natural / honey,honey,green,2022 / 2023,2022.0,11.2,0,0,4,0.0,1.0,1.0,Firedancer Coffee Consultants,81.83
1489,#153864,2023-04-17,2023,363,company,Brazil,alta mogiana ibiraci,1200.0,,natural / dry,natural,greenish,2022 / 2023,2022.0,10.6,0,0,1,2.0,440.0,60.0,Japan Coffee Exchange,81.0
1490,#781706,2023-04-17,2023,315,farm,Guatemala,atitlan,1600.0,typica,washed / wet,washed,green,2022 / 2023,2022.0,10.0,0,0,1,0.0,55.0,30.0,Asociacion Nacional Del Café,84.25
1491,#849802,2023-04-17,2023,173,company,Colombia,pereira,1411.0,,washed / wet,washed,green,2022 / 2023,2022.0,11.9,0,0,1,1.0,375.0,70.0,Japan Coffee Exchange,83.83
1492,#927000,2023-04-17,2023,315,farm,Guatemala,atitlan,1600.0,bourbon,washed / wet,washed,green,2022 / 2023,2022.0,10.0,0,0,2,1.0,35.0,30.0,Asociacion Nacional Del Café,83.92
1493,#938229,2023-04-17,2023,47,company,Guatemala,antigua,1600.0,caturra,washed / wet,washed,green,2022 / 2023,2022.0,9.9,0,0,1,1.0,600.0,30.0,Asociacion Nacional Del Café,85.0
1494,#191702,2023-04-19,2023,494,farm,Costa Rica,tarrazu,1850.0,caturra,washed / wet,washed,green,2022 / 2023,2022.0,,0,0,3,0.0,320.0,69.0,Specialty Coffee Association of Costa Rica,83.33
1495,#444508,2023-04-19,2023,494,farm,Costa Rica,tarrazu,1850.0,caturra,washed / wet,washed,green,2022 / 2023,2022.0,10.0,0,0,2,1.0,260.0,69.0,Specialty Coffee Association of Costa Rica,84.67
1496,#820121,2023-04-19,2023,494,farm,Costa Rica,tarrazu,1850.0,caturra,washed / wet,washed,green,2022 / 2023,2022.0,9.5,0,0,2,0.0,250.0,35.0,Specialty Coffee Association of Costa Rica,83.92
1497,#826756,2023-04-20,2023,10,farm,Nicaragua,jinotega,1000.0,sarchimor,washed / wet,washed,green,2022 / 2023,2022.0,11.2,0,0,5,0.0,275.0,69.0,Asociación de Cafés Especiales de Nicaragua,80.42
1498,#915144,2023-04-24,2023,723,company,Honduras,marcala,1280.0,catuai,washed / wet,washed,green,2022 / 2023,2022.0,10.0,0,0,4,0.0,275.0,69.0,Instituto Hondureño del Café,82.83
1499,#946237,2023-04-24,2023,403,farm,Philippines,philippines,1444.0,typica,pulped natural / honey,honey,greenish,2022 / 2023,2022.0,11.9,0,0,0,1.0,1.0,2.0,Japan Coffee Exchange,83.17
1500,#102399,2023-04-25,2023,721,farm,Honduras,los planes de santa maria la paz,1450.0,catuai,washed / wet,washed,green,2022 / 2023,2022.0,9.6,0,0,2,0.0,325.0,69.0,Instituto Hondureño del Café,83.08
1501,#176177,2023-04-25,2023,228,farm,Honduras,centro lagunetillas ajuterique comayagua,1368.0,catuai,washed / wet,washed,green,2022 / 2023,2022.0,10.2,0,0,2,0.0,345.0,30.0,Instituto Hondureño del Café,84.17
1502,#421693,2023-04-25,2023,721,farm,Honduras,los planes de santa maria la paz,1450.0,catuai,washed / wet,washed,green,2022 / 2023,2022.0,9.6,0,0,2,0.0,325.0,69.0,Instituto Hondureño del Café,82.67
1503,#748155,2023-04-25,2023,228,farm,Honduras,centro lagunetillas ajuterique comayagua,1368.0,catuai,washed / wet,washed,green,2022 / 2023,2022.0,9.8,0,0,3,0.0,340.0,69.0,Instituto Hondureño del Café,84.5
1504,#237025,2023-04-26,2023,762,farm,Guatemala,huehuetenango,1350.0,bourbon,washed / wet,washed,green,2022 / 2023,2022.0,9.2,0,0,5,1.0,600.0,30.0,Asociacion Nacional Del Café,84.33
1505,#994915,2023-04-26,2023,698,farm,Panama,boquete,1200.0,catuai,washed / wet,washed,blue_green,2022 / 2023,2022.0,10.3,0,0,5,1.0,200.0,30.0,Specialty Coffee Association of Costa Rica,84.75
1506,#975481,2023-04-28,2023,47,company,Guatemala,huehuetenango,1600.0,caturra,washed / wet,washed,green,2022 / 2023,2022.0,10.6,0,0,1,0.0,600.0,30.0,Asociacion Nacional Del Café,84.67
1507,#797284,2023-05-15,2023,119,farm,Guatemala,huehuetenango,1500.0,bourbon,washed / wet,washed,green,2022 / 2023,2022.0,10.7,0,0,3,1.0,275.0,69.0,Asociacion Nacional Del Café,84.25
